model_name,model_file,reasoning_level,recipe_index,recipe_type,recipe_name,predicted_copper_mg,ground_truth_copper_mg,signed_error,absolute_error,relative_error_percent,success,cluster_id,pca_x,pca_y,word_count,paragraph_count,sentence_count,bullet_count,numbered_step_count,json_block_present,usda_reference_count,uncertainty_marker_count,correction_phrase_count,refinement_step_count,ingredient_count,ingredient_mentioned_count,explicit_ingredient_estimate_count,ingredient_coverage_percent,skipped_or_negligible_count,grouping_marker_count,per_100g_count,gram_conversion_count,portion_based_count,division_per_serving_count,sum_statement_count,arithmetic_expression_count,high_copper_reference_count,low_copper_reference_count,estimated_numeric_mg_count,calculation_density,coverage_gap_count,complexity_response_ratio,overestimate_indicator,underestimate_indicator
gpt_4_1,gpt_4_1.jsonl,none,0,breakfast,Scrambled Egg & Black Bean Burritos,0.225,0.15,0.07500000000000001,0.07500000000000001,50.000000000000014,True,0,-5.124707863614147,2.9733407166269097,200,7,2,11,0,1,2,4,0,0,11,11,11,100.0,0,0,0,3,11,6,3,4,0,0,14,0.02,0,1.0,1,0
gpt_4_1,gpt_4_1.jsonl,none,1,breakfast,Cranberry Carrot Muffins,0.05,0.06,-0.009999999999999995,0.009999999999999995,16.66666666666666,True,-1,-8.794602946800035,-0.6401282154720841,220,8,1,21,0,1,2,4,0,0,15,15,10,66.66666666666666,5,0,0,9,18,11,5,9,0,5,19,0.04090909090909091,5,0.6666666666666666,0,1
gpt_4_1,gpt_4_1.jsonl,none,2,breakfast,Blueberry Banana Pancakes,0.22,0.17,0.04999999999999999,0.04999999999999999,29.411764705882344,True,-1,-4.787000609191978,0.6015351622048425,132,7,1,11,0,1,2,1,0,0,11,11,7,63.63636363636363,1,2,0,4,8,6,2,5,0,1,10,0.03787878787878788,4,0.6363636363636364,1,0
gpt_4_1,gpt_4_1.jsonl,none,3,breakfast,"Cheesy Egg, Bacon & Broccoli Muffins",0.14,0.08,0.06000000000000001,0.06000000000000001,75.00000000000001,True,-1,-3.9421700471030965,0.5408904934752911,159,7,2,6,0,1,2,6,0,0,10,9,5,50.0,1,0,4,8,6,2,3,4,0,1,13,0.025157232704402517,5,0.5,1,0
gpt_4_1,gpt_4_1.jsonl,none,4,breakfast,Glorious Green Smoothie Bowl,0.24,0.17,0.06999999999999998,0.06999999999999998,41.17647058823528,True,0,-5.104799620074159,3.0229003853229846,221,7,4,13,0,1,2,7,0,0,6,6,6,100.0,1,0,0,4,15,4,3,4,0,1,11,0.01809954751131222,0,1.0,1,0
gpt_4_1,gpt_4_1.jsonl,none,5,anytime_meals,Sesame-Ginger Turkey Meatballs,0.15,0.04,0.10999999999999999,0.10999999999999999,274.99999999999994,True,0,-6.123552544087365,0.6043101581288016,223,9,5,20,0,1,2,3,0,0,14,14,9,64.28571428571429,1,0,0,9,12,7,5,4,0,1,12,0.017937219730941704,5,0.6428571428571429,1,0
gpt_4_1,gpt_4_1.jsonl,none,6,anytime_meals,Chicken and Broccoli Piccata,0.18,0.13,0.04999999999999999,0.04999999999999999,38.46153846153845,True,0,-7.312826964339227,1.7280374173228337,215,10,2,13,0,1,2,4,0,0,14,14,12,85.71428571428571,1,0,0,11,14,5,4,12,0,1,15,0.05581395348837209,2,0.8571428571428571,1,0
gpt_4_1,gpt_4_1.jsonl,none,7,anytime_meals,Chicken Fajitas with Lime Sauce,0.24,0.12,0.12,0.12,100.0,True,-1,-9.051511629978203,2.040943685092046,266,8,4,16,0,1,2,7,0,0,18,17,17,94.44444444444444,0,0,0,15,15,7,3,19,0,0,19,0.07142857142857142,1,0.9444444444444444,1,0
gpt_4_1,gpt_4_1.jsonl,none,8,anytime_meals,One-Pot Beef & Mushroom Lasagna,0.25,0.09,0.16,0.16,177.7777777777778,True,0,-7.114527545905288,2.5183964186218852,216,8,4,12,0,1,2,7,0,0,13,12,12,92.3076923076923,0,0,0,8,12,9,3,13,0,0,15,0.06018518518518518,1,0.9230769230769231,1,0
gpt_4_1,gpt_4_1.jsonl,none,9,anytime_meals,Pork Tenderloin with Dijon Gravy,0.15,0.14,0.009999999999999981,0.009999999999999981,7.142857142857128,True,-1,-5.334285805592123,1.931963965100462,183,6,3,12,0,1,2,5,0,0,10,10,10,100.0,0,2,0,8,13,5,3,0,0,0,14,0.0,0,1.0,1,0
gpt_4_1,gpt_4_1.jsonl,none,10,anytime_meals,Fish Tacos with Crunchy Slaw,0.25,0.14,0.10999999999999999,0.10999999999999999,78.57142857142856,True,-1,-7.801880053632458,-4.374420326892235,265,10,6,7,0,1,2,7,0,0,17,10,5,29.411764705882355,3,0,13,26,7,17,4,2,0,3,23,0.007547169811320755,12,0.29411764705882354,1,0
gpt_4_1,gpt_4_1.jsonl,none,11,anytime_meals,Chicken Sausage Garden Pasta,0.28,0.04,0.24000000000000002,0.24000000000000002,600.0,True,-1,-9.510797284542752,-0.9780948409336725,295,19,4,39,0,1,2,4,0,0,10,10,7,70.0,2,0,7,24,20,7,4,4,0,2,24,0.013559322033898305,3,0.7,1,0
gpt_4_1,gpt_4_1.jsonl,none,12,anytime_meals,Roasted Cauliflower Power Salad,,0.12,,,,True,-1,-8.075851702362474,-4.256121217059062,304,22,6,11,0,1,2,3,0,0,18,14,1,5.555555555555555,2,1,6,14,13,9,4,14,0,2,20,0.046052631578947366,17,0.05555555555555555,0,0
gpt_4_1,gpt_4_1.jsonl,none,13,anytime_meals,Simple Greek Salad,0.17,0.12,0.05000000000000002,0.05000000000000002,41.66666666666668,True,0,-8.49380046680442,2.1961895251155856,237,7,4,13,0,1,2,6,0,0,16,15,15,93.75,0,0,0,13,14,9,4,18,0,0,16,0.0759493670886076,1,0.9375,1,0
gpt_4_1,gpt_4_1.jsonl,none,14,anytime_meals,Apple-Celery Chicken Salad,0.075,0.1,-0.02500000000000001,0.02500000000000001,25.000000000000007,True,-1,-5.945799407978445,2.0008743096986885,184,8,3,10,0,1,2,5,0,0,11,11,9,81.81818181818183,1,0,0,9,10,6,2,11,0,1,12,0.059782608695652176,2,0.8181818181818182,0,1
gpt_4_1,gpt_4_1.jsonl,none,15,anytime_meals,Harvest Crunch Kale & Chicken Salad,0.34,0.19,0.15000000000000002,0.15000000000000002,78.94736842105264,True,-1,-9.659374004207933,-2.44220263210349,286,9,1,23,0,1,2,4,0,0,15,15,8,53.333333333333336,5,0,8,16,15,7,5,11,0,5,27,0.038461538461538464,7,0.5333333333333333,1,0
gpt_4_1,gpt_4_1.jsonl,none,16,desserts,Citrus-Berry Ricotta Parfaits,0.15,0.1,0.04999999999999999,0.04999999999999999,49.999999999999986,True,-1,-6.360692016668959,-2.941137530716246,218,16,2,18,0,1,0,8,0,0,6,6,0,0.0,0,0,12,24,8,10,9,6,0,0,21,0.027522935779816515,6,0.0,1,0
gpt_4_1,gpt_4_1.jsonl,none,17,desserts,Crispy Rice Cereal Treats,0.03,0.02,0.009999999999999998,0.009999999999999998,49.999999999999986,True,0,-3.2266063804874086,3.3090542417753737,106,5,1,6,0,1,2,0,0,0,6,6,6,100.0,0,0,0,6,10,4,2,3,0,0,8,0.02830188679245283,0,1.0,1,0
gpt_4_1,gpt_4_1.jsonl,none,18,desserts,Carob Chip Cranberry Cookies,0.05,0.03,0.020000000000000004,0.020000000000000004,66.66666666666669,True,0,-7.2061213374252455,2.340723447602997,208,8,1,22,0,1,2,4,0,0,12,12,12,100.0,0,0,1,8,16,10,5,7,0,0,15,0.03365384615384615,0,1.0,1,0
gpt_4_1,gpt_4_1.jsonl,none,19,desserts,Pumpkin Cinnamon Bars,0.06,0.06,0.0,0.0,0.0,True,-1,-5.109726634448748,2.1660557132763447,120,5,0,8,0,1,0,0,0,0,12,12,12,100.0,1,1,0,2,8,6,2,9,0,1,11,0.075,0,1.0,0,0
gpt_4_1,gpt_4_1.jsonl,none,20,desserts,Carob Cupcakes with Cream Cheese Frosting,0.058,0.03,0.028000000000000004,0.028000000000000004,93.33333333333334,True,-1,-9.883931165186516,2.141643131279909,296,12,1,25,0,1,2,3,0,0,15,15,15,100.0,0,0,1,5,24,11,4,15,0,0,33,0.05067567567567568,0,1.0,1,0
gpt_4_1,gpt_4_1.jsonl,none,21,snacks,Rice Cakes with Peanut Butter and Strawberries,0.28,0.16,0.12000000000000002,0.12000000000000002,75.00000000000001,True,1,-1.2303254084267703,3.46170541936242,69,4,0,3,0,1,0,1,0,0,3,3,3,100.0,0,0,0,1,5,2,2,2,0,0,6,0.028985507246376812,0,1.0,1,0
gpt_4_1,gpt_4_1.jsonl,none,22,snacks,Avocado Toast with Feta,0.19,0.23,-0.04000000000000001,0.04000000000000001,17.39130434782609,True,-1,-1.8173423981839418,2.8124161756587,87,5,0,3,0,1,0,1,0,0,3,3,3,100.0,0,0,3,6,4,2,2,3,0,0,8,0.034482758620689655,0,1.0,0,1
gpt_4_1,gpt_4_1.jsonl,none,23,snacks,Trail Mix Snack,0.48,0.1,0.38,0.38,380.0,True,0,-2.8657581345626295,3.8146033378052207,100,5,1,4,0,1,2,4,0,0,4,4,4,100.0,0,0,0,4,6,2,2,5,0,0,5,0.05,0,1.0,1,0
gpt_4_1,gpt_4_1.jsonl,none,24,snacks,Almond Butter Apple Snack,0.32,0.14,0.18,0.18,128.57142857142856,True,-1,-1.1588471187816634,3.702626504406964,62,2,0,3,0,1,2,0,0,0,2,2,2,100.0,0,0,1,2,4,1,2,1,0,0,5,0.016129032258064516,0,1.0,1,0
gpt_4_1,gpt_4_1.jsonl,none,25,snacks,Hummus with Bell Pepper,0.28,0.14,0.14,0.14,100.0,True,-1,-1.3743041311192987,3.3906848114839527,64,3,5,2,0,1,2,0,0,0,2,2,2,100.0,0,0,2,4,4,1,2,0,0,0,7,0.0,0,1.0,1,0
gpt_4_1_mini,gpt_4_1_mini.jsonl,none,0,breakfast,Scrambled Egg & Black Bean Burritos,0.355,0.15,0.205,0.205,136.66666666666666,True,0,-7.06949918981169,2.3022572131803956,201,6,0,11,0,1,1,3,0,0,11,11,11,100.0,1,0,1,9,13,7,5,15,0,1,14,0.07462686567164178,0,1.0,1,0
gpt_4_1_mini,gpt_4_1_mini.jsonl,none,1,breakfast,Cranberry Carrot Muffins,,0.06,,0.008000000000000007,13.333333333333346,True,-1,-17.774230532685213,-5.593146211371537,368,20,14,47,13,0,0,4,0,0,15,15,11,73.33333333333333,5,0,12,28,27,22,12,21,0,5,31,0.057065217391304345,4,0.7333333333333333,0,0
gpt_4_1_mini,gpt_4_1_mini.jsonl,none,2,breakfast,Blueberry Banana Pancakes,0.21,0.17,0.03999999999999998,0.03999999999999998,23.52941176470587,True,-1,-13.449524087661798,-1.524261485712758,376,18,12,42,11,1,0,4,0,0,11,11,8,72.72727272727273,4,0,5,15,24,12,5,22,0,4,31,0.05851063829787234,3,0.7272727272727273,1,0
gpt_4_1_mini,gpt_4_1_mini.jsonl,none,3,breakfast,"Cheesy Egg, Bacon & Broccoli Muffins",0.15,0.08,0.06999999999999999,0.06999999999999999,87.49999999999999,True,-1,-5.086237014422233,0.5704919088986143,196,12,7,18,6,1,1,4,0,0,10,6,4,40.0,0,0,0,0,10,4,9,5,0,0,15,0.025510204081632654,6,0.4,1,0
gpt_4_1_mini,gpt_4_1_mini.jsonl,none,4,breakfast,Glorious Green Smoothie Bowl,0.15,0.17,-0.020000000000000018,0.020000000000000018,11.764705882352951,True,5,2.1507325702668245,0.4186815282973184,13,1,0,0,0,1,0,0,0,0,6,0,0,0.0,0,0,0,0,2,0,1,0,0,0,0,0.0,6,0.0,0,1
gpt_4_1_mini,gpt_4_1_mini.jsonl,none,5,anytime_meals,Sesame-Ginger Turkey Meatballs,0.21,0.04,0.16999999999999998,0.16999999999999998,424.9999999999999,True,-1,-7.726979746870531,-1.9921349695800699,273,6,2,17,0,1,0,4,0,0,14,12,9,64.28571428571429,2,1,1,15,10,7,5,12,1,2,19,0.04395604395604396,5,0.6428571428571429,1,0
gpt_4_1_mini,gpt_4_1_mini.jsonl,none,6,anytime_meals,Chicken and Broccoli Piccata,0.11,0.13,-0.020000000000000004,0.020000000000000004,15.384615384615389,True,-1,-8.957317066071031,-3.2300196770356195,262,12,3,11,0,1,2,9,0,0,14,14,7,50.0,3,2,10,20,7,10,8,6,0,3,18,0.022900763358778626,7,0.5,0,1
gpt_4_1_mini,gpt_4_1_mini.jsonl,none,7,anytime_meals,Chicken Fajitas with Lime Sauce,0.37,0.12,0.25,0.25,208.33333333333334,True,-1,-10.162283806972068,-5.940005398672074,385,27,2,18,0,1,0,3,0,0,18,18,0,0.0,4,0,6,29,18,8,6,17,0,4,30,0.04415584415584416,18,0.0,1,0
gpt_4_1_mini,gpt_4_1_mini.jsonl,none,8,anytime_meals,One-Pot Beef & Mushroom Lasagna,0.32,0.09,0.23,0.23,255.55555555555557,True,-1,-9.64999721821848,-5.330111716819654,302,14,8,24,6,1,0,3,0,0,13,12,2,15.384615384615385,1,2,13,25,12,14,9,9,0,1,22,0.029801324503311258,11,0.15384615384615385,1,0
gpt_4_1_mini,gpt_4_1_mini.jsonl,none,9,anytime_meals,Pork Tenderloin with Dijon Gravy,0.14,0.14,0.0,0.0,0.0,True,-1,-8.84435738588414,-0.5620240655739847,339,8,1,10,0,1,0,13,0,0,10,10,10,100.0,4,0,8,25,15,8,5,6,0,4,20,0.017699115044247787,0,1.0,0,0
gpt_4_1_mini,gpt_4_1_mini.jsonl,none,10,anytime_meals,Fish Tacos with Crunchy Slaw,0.2,0.14,0.06,0.06,42.85714285714285,True,-1,-10.524370360335665,-6.008444619639565,337,13,10,33,6,1,0,6,0,0,17,7,6,35.294117647058826,2,0,14,28,11,18,3,9,1,2,23,0.026706231454005934,11,0.35294117647058826,1,0
gpt_4_1_mini,gpt_4_1_mini.jsonl,none,11,anytime_meals,Chicken Sausage Garden Pasta,0.36,0.04,0.32,0.32,800.0,True,-1,-8.970330855322997,-4.820200873480024,313,17,1,9,0,1,0,5,0,0,10,9,1,10.0,1,0,16,33,13,12,14,9,0,1,28,0.02875399361022364,9,0.1,1,0
gpt_4_1_mini,gpt_4_1_mini.jsonl,none,12,anytime_meals,Roasted Cauliflower Power Salad,0.655,0.12,0.535,0.535,445.83333333333337,True,-1,-7.816014242848205,-1.579385476843959,227,5,1,11,0,1,1,4,0,0,18,18,10,55.55555555555556,3,0,5,15,14,8,4,12,0,3,19,0.05286343612334802,8,0.5555555555555556,1,0
gpt_4_1_mini,gpt_4_1_mini.jsonl,none,13,anytime_meals,Simple Greek Salad,0.225,0.12,0.10500000000000001,0.10500000000000001,87.50000000000001,True,-1,-4.194824400184833,1.0075410930187403,117,3,0,10,0,1,0,2,0,0,16,16,12,75.0,2,0,0,0,10,5,2,4,0,2,10,0.03418803418803419,4,0.75,1,0
gpt_4_1_mini,gpt_4_1_mini.jsonl,none,14,anytime_meals,Apple-Celery Chicken Salad,0.071,0.1,-0.029000000000000012,0.029000000000000012,29.00000000000001,True,-1,-6.972138223838223,-0.289028838974474,211,6,0,10,0,1,0,3,0,0,11,11,9,81.81818181818183,3,0,7,16,9,6,4,12,0,3,18,0.05687203791469194,2,0.8181818181818182,0,1
gpt_4_1_mini,gpt_4_1_mini.jsonl,none,15,anytime_meals,Harvest Crunch Kale & Chicken Salad,0.39,0.19,0.2,0.2,105.26315789473684,True,-1,-6.998899898217893,-1.4314773192872974,207,5,1,9,0,1,0,4,0,0,15,15,8,53.333333333333336,2,0,6,12,13,7,11,9,0,2,16,0.043478260869565216,7,0.5333333333333333,1,0
gpt_4_1_mini,gpt_4_1_mini.jsonl,none,16,desserts,Citrus-Berry Ricotta Parfaits,0.055,0.1,-0.045000000000000005,0.045000000000000005,45.0,True,-1,-8.701625733564615,-1.0760429544761367,286,12,8,20,6,1,0,6,0,0,6,6,5,83.33333333333334,0,0,14,26,10,11,9,6,0,0,23,0.02097902097902098,1,0.8333333333333334,0,1
gpt_4_1_mini,gpt_4_1_mini.jsonl,none,17,desserts,Crispy Rice Cereal Treats,0.011,0.02,-0.009000000000000001,0.009000000000000001,45.00000000000001,True,-1,-8.42959097877746,0.13206705504061592,255,12,7,22,6,1,0,5,0,0,6,6,4,66.66666666666666,2,0,4,9,19,14,4,15,0,2,14,0.058823529411764705,2,0.6666666666666666,0,1
gpt_4_1_mini,gpt_4_1_mini.jsonl,none,18,desserts,Carob Chip Cranberry Cookies,0.039,0.03,0.009000000000000001,0.009000000000000001,30.000000000000004,True,-1,-8.541297645698416,-2.054245316407368,228,5,1,12,0,1,0,4,0,0,12,12,7,58.333333333333336,6,0,6,17,17,10,4,14,0,6,14,0.06140350877192982,5,0.5833333333333334,1,0
gpt_4_1_mini,gpt_4_1_mini.jsonl,none,19,desserts,Pumpkin Cinnamon Bars,0.057,0.06,-0.0029999999999999957,0.0029999999999999957,4.999999999999993,True,-1,-11.654131326042378,-4.762966365035608,302,18,13,28,12,1,0,3,0,0,12,12,4,33.33333333333333,8,0,6,20,16,12,8,7,0,8,22,0.023178807947019868,8,0.3333333333333333,0,1
gpt_4_1_mini,gpt_4_1_mini.jsonl,none,20,desserts,Carob Cupcakes with Cream Cheese Frosting,0.17,0.03,0.14,0.14,466.6666666666667,True,-1,-12.063427440988914,-1.0616487191126998,259,5,1,15,0,1,1,6,0,0,15,15,15,100.0,8,0,0,0,24,13,6,17,1,8,24,0.06563706563706563,0,1.0,1,0
gpt_4_1_mini,gpt_4_1_mini.jsonl,none,21,snacks,Rice Cakes with Peanut Butter and Strawberries,0.67,0.16,0.51,0.51,318.75,True,1,-2.0825717107575445,3.0482850665186314,99,5,0,3,0,1,0,6,0,0,3,3,3,100.0,1,0,0,4,5,1,4,2,0,1,6,0.020202020202020204,0,1.0,1,0
gpt_4_1_mini,gpt_4_1_mini.jsonl,none,22,snacks,Avocado Toast with Feta,0.15,0.23,-0.08000000000000002,0.08000000000000002,34.78260869565218,True,1,-1.2748108152409001,3.055480664599385,57,4,1,3,0,1,0,4,0,0,3,3,3,100.0,1,0,0,3,3,2,2,1,0,1,4,0.017543859649122806,0,1.0,0,1
gpt_4_1_mini,gpt_4_1_mini.jsonl,none,23,snacks,Trail Mix Snack,0.37,0.1,0.27,0.27,270.0,True,1,-2.3661124174562795,3.562402376594111,88,5,1,4,0,1,0,2,0,0,4,4,4,100.0,0,0,0,0,8,3,2,5,0,0,6,0.056818181818181816,0,1.0,1,0
gpt_4_1_mini,gpt_4_1_mini.jsonl,none,24,snacks,Almond Butter Apple Snack,0.35,0.14,0.20999999999999996,0.20999999999999996,149.99999999999994,True,1,-0.9119820527864826,3.6316092094096613,63,5,0,2,0,1,0,6,0,0,2,2,2,100.0,0,0,0,0,5,1,2,1,0,0,4,0.015873015873015872,0,1.0,1,0
gpt_4_1_mini,gpt_4_1_mini.jsonl,none,25,snacks,Hummus with Bell Pepper,0.205,0.14,0.06499999999999997,0.06499999999999997,46.42857142857141,True,1,-1.3775198713030445,3.1654714233377668,99,5,4,2,0,1,0,7,0,0,2,2,2,100.0,0,0,2,2,4,2,2,0,0,0,8,0.0,0,1.0,1,0
gpt_4_1_mini,gpt_4_1_mini.jsonl,none,1,breakfast,Cranberry Carrot Muffins,0.068,0.06,0.008000000000000007,0.008000000000000007,13.333333333333346,True,-1,-13.327628259122958,-1.6597284788786706,299,19,14,34,13,1,1,6,0,0,15,15,11,73.33333333333333,5,0,1,23,19,12,4,16,0,5,26,0.05351170568561873,4,0.7333333333333333,1,0
gpt_4_1_nano,gpt_4_1_nano.jsonl,none,0,breakfast,Scrambled Egg & Black Bean Burritos,0.26,0.15,0.11000000000000001,0.11000000000000001,73.33333333333336,True,21,2.073378995385724,-0.43028148195128424,14,1,0,0,0,1,0,0,0,0,11,1,0,0.0,0,0,0,0,2,0,1,0,0,0,0,0.0,11,0.0,1,0
gpt_4_1_nano,gpt_4_1_nano.jsonl,none,1,breakfast,Cranberry Carrot Muffins,0.14,0.06,0.08000000000000002,0.08000000000000002,133.33333333333337,True,-1,-7.5694466181905105,-0.09654531378199593,185,9,2,12,0,1,0,6,0,0,15,15,10,66.66666666666666,5,0,0,0,13,9,3,14,0,5,12,0.07567567567567568,5,0.6666666666666666,1,0
gpt_4_1_nano,gpt_4_1_nano.jsonl,none,2,breakfast,Blueberry Banana Pancakes,0.22,0.17,0.04999999999999999,0.04999999999999999,29.411764705882344,True,0,-6.049958939816647,1.3359936288781555,163,10,1,10,0,1,0,3,0,0,11,10,8,72.72727272727273,2,0,0,0,13,10,3,13,0,2,11,0.07975460122699386,3,0.7272727272727273,1,0
gpt_4_1_nano,gpt_4_1_nano.jsonl,none,3,breakfast,"Cheesy Egg, Bacon & Broccoli Muffins",0.187,0.08,0.107,0.107,133.75,True,-1,-3.798936769569261,1.6604493666852411,190,8,0,12,0,1,0,14,0,0,10,6,6,60.0,0,0,0,0,8,4,3,5,0,0,21,0.02631578947368421,4,0.6,1,0
gpt_4_1_nano,gpt_4_1_nano.jsonl,none,4,breakfast,Glorious Green Smoothie Bowl,0.26,0.17,0.09,0.09,52.941176470588225,True,1,-3.522279740681615,3.5127646957007737,126,6,2,6,0,1,0,7,0,0,6,6,6,100.0,0,0,0,0,7,4,2,8,0,0,8,0.06349206349206349,0,1.0,1,0
gpt_4_1_nano,gpt_4_1_nano.jsonl,none,5,anytime_meals,Sesame-Ginger Turkey Meatballs,0.1,0.04,0.060000000000000005,0.060000000000000005,150.0,True,18,2.0010769621455626,-0.9865446508356727,13,1,0,0,0,1,0,0,0,0,14,3,0,0.0,0,0,0,0,2,0,1,0,0,0,0,0.0,14,0.0,1,0
gpt_4_1_nano,gpt_4_1_nano.jsonl,none,6,anytime_meals,Chicken and Broccoli Piccata,0.142,0.13,0.011999999999999983,0.011999999999999983,9.230769230769218,True,-1,-5.217098368484566,-3.764245580855081,162,10,0,11,0,1,0,3,0,0,14,14,4,28.57142857142857,2,1,4,12,7,8,3,3,1,2,12,0.018518518518518517,10,0.2857142857142857,1,0
gpt_4_1_nano,gpt_4_1_nano.jsonl,none,7,anytime_meals,Chicken Fajitas with Lime Sauce,0.1,0.12,-0.01999999999999999,0.01999999999999999,16.66666666666666,True,-1,2.087969756653878,-1.7668624885469022,14,1,0,0,0,1,0,0,0,0,18,4,0,0.0,0,0,0,0,2,0,1,0,0,0,0,0.0,18,0.0,0,1
gpt_4_1_nano,gpt_4_1_nano.jsonl,none,8,anytime_meals,One-Pot Beef & Mushroom Lasagna,0.2,0.09,0.11000000000000001,0.11000000000000001,122.22222222222223,True,19,2.043281222852814,-0.7979061221091528,14,1,0,0,0,1,0,0,0,0,13,2,0,0.0,0,0,0,0,2,0,1,0,0,0,0,0.0,13,0.0,1,0
gpt_4_1_nano,gpt_4_1_nano.jsonl,none,9,anytime_meals,Pork Tenderloin with Dijon Gravy,0.29,0.14,0.14999999999999997,0.14999999999999997,107.14285714285711,True,-1,-8.928668015009938,-0.25746610394053643,243,12,14,21,10,1,0,13,0,0,10,10,6,60.0,5,0,0,1,15,8,4,10,0,5,17,0.0411522633744856,4,0.6,1,0
gpt_4_1_nano,gpt_4_1_nano.jsonl,none,10,anytime_meals,Fish Tacos with Crunchy Slaw,0.6,0.14,0.45999999999999996,0.45999999999999996,328.5714285714285,True,-1,-1.6303051076394701,-1.603682653938175,98,2,6,6,0,1,0,8,0,0,17,4,3,17.647058823529413,1,1,1,0,5,4,3,2,0,1,5,0.02040816326530612,14,0.17647058823529413,1,0
gpt_4_1_nano,gpt_4_1_nano.jsonl,none,11,anytime_meals,Chicken Sausage Garden Pasta,0.485,0.04,0.445,0.445,1112.5,True,-1,-5.676411465547929,-0.04075968580532769,196,9,0,15,0,1,0,2,0,0,10,9,6,60.0,5,0,0,0,14,4,3,7,0,5,18,0.03571428571428571,4,0.6,1,0
gpt_4_1_nano,gpt_4_1_nano.jsonl,none,12,anytime_meals,Roasted Cauliflower Power Salad,0.6,0.12,0.48,0.48,400.0,True,22,2.1826639427963186,-1.680786956603664,13,1,0,0,0,1,0,0,0,0,18,1,0,0.0,0,0,0,0,2,0,1,0,0,0,0,0.0,18,0.0,1,0
gpt_4_1_nano,gpt_4_1_nano.jsonl,none,13,anytime_meals,Simple Greek Salad,0.1,0.12,-0.01999999999999999,0.01999999999999999,16.66666666666666,True,6,2.2450936745926264,-1.378135034773396,12,1,0,0,0,1,0,0,0,0,16,1,0,0.0,0,0,0,0,2,0,1,0,0,0,0,0.0,16,0.0,0,1
gpt_4_1_nano,gpt_4_1_nano.jsonl,none,14,anytime_meals,Apple-Celery Chicken Salad,0.125,0.1,0.024999999999999994,0.024999999999999994,24.999999999999993,True,-1,-5.313233464017009,1.8427875382349497,144,6,0,9,0,1,0,18,0,0,11,9,8,72.72727272727273,2,0,0,0,10,6,2,10,0,2,10,0.06944444444444445,3,0.7272727272727273,1,0
gpt_4_1_nano,gpt_4_1_nano.jsonl,none,15,anytime_meals,Harvest Crunch Kale & Chicken Salad,0.6,0.19,0.41,0.41,215.78947368421052,True,25,2.073629081749048,-1.1552790186300848,14,1,0,0,0,1,0,0,0,0,15,2,0,0.0,0,0,0,0,2,0,1,0,0,0,0,0.0,15,0.0,1,0
gpt_4_1_nano,gpt_4_1_nano.jsonl,none,16,desserts,Citrus-Berry Ricotta Parfaits,0.0525,0.1,-0.04750000000000001,0.04750000000000001,47.5,True,-1,-4.331150587829561,-1.2030795391721043,200,12,6,6,6,1,0,8,0,0,6,6,0,0.0,1,0,2,12,8,5,7,5,0,1,15,0.025,6,0.0,0,1
gpt_4_1_nano,gpt_4_1_nano.jsonl,none,17,desserts,Crispy Rice Cereal Treats,0.031,0.02,0.011,0.011,54.99999999999999,True,-1,-3.6216758738527473,1.8833419841818295,109,6,0,6,0,1,0,9,0,0,6,6,4,66.66666666666666,2,0,0,0,10,6,2,6,0,2,7,0.05504587155963303,2,0.6666666666666666,1,0
gpt_4_1_nano,gpt_4_1_nano.jsonl,none,18,desserts,Carob Chip Cranberry Cookies,0.02,0.03,-0.009999999999999998,0.009999999999999998,33.33333333333333,True,8,2.181330515526383,-0.6636889049024144,13,1,0,0,0,1,0,0,0,0,12,1,0,0.0,0,0,0,0,2,0,1,0,0,0,0,0.0,12,0.0,0,1
gpt_4_1_nano,gpt_4_1_nano.jsonl,none,19,desserts,Pumpkin Cinnamon Bars,0.078,0.06,0.018000000000000002,0.018000000000000002,30.000000000000004,True,-1,-6.8073729747338065,-3.7991896638171516,172,9,2,16,0,1,0,8,0,0,12,12,4,33.33333333333333,8,0,2,3,7,5,4,4,1,8,14,0.023255813953488372,8,0.3333333333333333,1,0
gpt_4_1_nano,gpt_4_1_nano.jsonl,none,20,desserts,Carob Cupcakes with Cream Cheese Frosting,0.082,0.03,0.052000000000000005,0.052000000000000005,173.33333333333337,True,-1,-6.658768301187711,-0.8958369144027042,198,9,0,19,0,1,0,3,0,0,15,15,9,60.0,6,0,0,0,12,4,3,7,0,6,19,0.03535353535353535,6,0.6,1,0
gpt_4_1_nano,gpt_4_1_nano.jsonl,none,21,snacks,Rice Cakes with Peanut Butter and Strawberries,0.4,0.16,0.24000000000000002,0.24000000000000002,150.0,True,10,1.8249614143949486,0.9781072905168067,16,1,0,0,0,1,0,0,0,0,3,3,0,0.0,0,0,0,0,2,0,1,0,0,0,0,0.0,3,0.0,1,0
gpt_4_1_nano,gpt_4_1_nano.jsonl,none,22,snacks,Avocado Toast with Feta,0.19,0.23,-0.04000000000000001,0.04000000000000001,17.39130434782609,True,-1,-2.2005906865273963,3.3871125403322635,101,8,2,3,0,1,0,7,0,0,3,3,3,100.0,0,0,0,1,5,3,4,3,0,0,5,0.0297029702970297,0,1.0,0,1
gpt_4_1_nano,gpt_4_1_nano.jsonl,none,23,snacks,Trail Mix Snack,0.72,0.1,0.62,0.62,619.9999999999999,True,1,-2.769193538514706,3.4912300928541655,112,7,2,4,0,1,0,5,0,0,4,4,4,100.0,0,0,0,0,9,3,3,5,0,0,6,0.044642857142857144,0,1.0,1,0
gpt_4_1_nano,gpt_4_1_nano.jsonl,none,24,snacks,Almond Butter Apple Snack,0.3,0.14,0.15999999999999998,0.15999999999999998,114.28571428571426,True,11,1.8794354401973017,1.1679444719268564,13,1,0,0,0,1,0,0,0,0,2,2,0,0.0,0,0,0,0,2,0,1,0,0,0,0,0.0,2,0.0,1,0
gpt_4_1_nano,gpt_4_1_nano.jsonl,none,25,snacks,Hummus with Bell Pepper,0.4,0.14,0.26,0.26,185.7142857142857,True,11,1.8794354401973017,1.1679444719268564,13,1,0,0,0,1,0,0,0,0,2,2,0,0.0,0,0,0,0,2,0,1,0,0,0,0,0.0,2,0.0,1,0
gpt_4o,gpt_4o.jsonl,none,0,breakfast,Scrambled Egg & Black Bean Burritos,0.2925,0.15,0.1425,0.1425,95.0,True,-1,-5.824550802863615,-0.9302247731684213,176,6,15,16,0,1,0,14,0,0,11,11,5,45.45454545454545,6,0,1,2,4,3,4,3,0,6,14,0.017045454545454544,6,0.45454545454545453,1,0
gpt_4o,gpt_4o.jsonl,none,1,breakfast,Cranberry Carrot Muffins,0.0367,0.06,-0.023299999999999994,0.023299999999999994,38.83333333333333,True,-1,-3.8430193843967206,-1.4719031491422654,146,9,6,10,0,1,0,5,0,0,15,7,5,33.33333333333333,2,1,0,3,6,5,8,2,0,2,9,0.0136986301369863,10,0.3333333333333333,0,1
gpt_4o,gpt_4o.jsonl,none,2,breakfast,Blueberry Banana Pancakes,0.165,0.17,-0.0050000000000000044,0.0050000000000000044,2.9411764705882377,True,-1,-3.559033245795212,1.3587969325296683,150,9,1,15,0,1,0,2,0,0,11,7,7,63.63636363636363,0,0,0,0,9,6,3,5,0,0,16,0.03333333333333333,4,0.6363636363636364,0,1
gpt_4o,gpt_4o.jsonl,none,3,breakfast,"Cheesy Egg, Bacon & Broccoli Muffins",0.44,0.08,0.36,0.36,450.0,True,-1,-1.7283307656027553,1.8165057098691388,134,6,9,6,0,1,0,11,0,0,10,6,6,60.0,0,0,0,0,4,0,2,0,0,0,7,0.0,4,0.6,1,0
gpt_4o,gpt_4o.jsonl,none,4,breakfast,Glorious Green Smoothie Bowl,0.36,0.17,0.18999999999999997,0.18999999999999997,111.76470588235293,True,1,-3.222261787427676,3.50372740896702,107,6,0,6,0,1,0,3,0,0,6,6,6,100.0,0,0,0,0,5,3,3,8,0,0,7,0.07476635514018691,0,1.0,1,0
gpt_4o,gpt_4o.jsonl,none,5,anytime_meals,Sesame-Ginger Turkey Meatballs,0.315,0.04,0.275,0.275,687.5,True,-1,-4.057570609077305,2.1451056090166616,142,5,3,11,0,1,0,4,0,0,14,12,12,85.71428571428571,0,0,0,0,10,4,4,4,0,0,11,0.028169014084507043,2,0.8571428571428571,1,0
gpt_4o,gpt_4o.jsonl,none,6,anytime_meals,Chicken and Broccoli Piccata,0.135,0.13,0.0050000000000000044,0.0050000000000000044,3.8461538461538494,True,-1,-4.414998094058476,-1.0580036564848494,178,8,11,8,0,1,0,17,0,0,14,10,5,35.714285714285715,1,1,4,8,4,1,3,4,0,1,13,0.02247191011235955,9,0.35714285714285715,1,0
gpt_4o,gpt_4o.jsonl,none,7,anytime_meals,Chicken Fajitas with Lime Sauce,0.291,0.12,0.17099999999999999,0.17099999999999999,142.49999999999997,True,-1,-3.7100689067791657,-3.171481253515984,161,8,1,9,0,1,0,2,0,0,18,11,4,22.22222222222222,1,0,8,16,5,7,2,3,0,1,15,0.018633540372670808,14,0.2222222222222222,1,0
gpt_4o,gpt_4o.jsonl,none,8,anytime_meals,One-Pot Beef & Mushroom Lasagna,0.47,0.09,0.38,0.38,422.22222222222223,True,-1,-3.175150797914876,0.7733698339580506,154,6,8,6,0,1,0,20,0,0,13,10,6,46.15384615384615,1,0,0,5,3,0,2,4,0,1,6,0.025974025974025976,7,0.46153846153846156,1,0
gpt_4o,gpt_4o.jsonl,none,9,anytime_meals,Pork Tenderloin with Dijon Gravy,0.1375,0.14,-0.0025000000000000022,0.0025000000000000022,1.785714285714287,True,-1,-1.1594192960128717,0.07414398426206523,115,8,5,6,0,1,0,6,0,0,10,10,2,20.0,0,0,0,0,5,2,3,0,0,0,9,0.0,8,0.2,0,1
gpt_4o,gpt_4o.jsonl,none,10,anytime_meals,Fish Tacos with Crunchy Slaw,0.29075,0.14,0.15075,0.15075,107.67857142857142,True,-1,-3.6221722258120637,-2.5913191889802247,169,8,8,8,4,1,0,10,0,0,17,4,4,23.52941176470588,0,0,8,16,5,6,2,0,0,0,19,0.0,13,0.23529411764705882,1,0
gpt_4o,gpt_4o.jsonl,none,11,anytime_meals,Chicken Sausage Garden Pasta,0.33,0.04,0.29000000000000004,0.29000000000000004,725.0000000000001,True,-1,-3.098890610824496,1.8209477508690688,145,6,2,9,0,1,0,12,0,0,10,9,8,80.0,1,0,0,8,8,0,2,0,0,1,9,0.0,2,0.8,1,0
gpt_4o,gpt_4o.jsonl,none,12,anytime_meals,Roasted Cauliflower Power Salad,0.4,0.12,0.28,0.28,233.33333333333334,True,-1,-6.249103111754923,-0.4911746986790517,219,8,11,15,0,1,0,22,0,0,18,15,9,50.0,2,0,0,6,10,6,4,3,0,2,17,0.0136986301369863,9,0.5,1,0
gpt_4o,gpt_4o.jsonl,none,13,anytime_meals,Simple Greek Salad,,0.12,,0.022499999999999992,18.749999999999993,True,-1,-4.628513413333283,1.3173223921222028,165,7,2,7,0,1,0,3,0,0,16,11,10,62.5,0,0,0,0,8,5,3,15,0,0,7,0.09090909090909091,6,0.625,0,0
gpt_4o,gpt_4o.jsonl,none,14,anytime_meals,Apple-Celery Chicken Salad,0.1,0.1,0.0,0.0,0.0,True,-1,-4.453788357547747,2.9469023445314204,158,5,11,9,0,1,0,21,0,0,11,11,11,100.0,0,0,0,7,6,2,2,2,0,0,10,0.012658227848101266,0,1.0,0,0
gpt_4o,gpt_4o.jsonl,none,15,anytime_meals,Harvest Crunch Kale & Chicken Salad,0.425,0.19,0.235,0.235,123.68421052631578,True,-1,-2.698807901300291,0.15061214599681286,130,6,2,7,0,1,0,11,0,0,15,12,6,40.0,0,0,0,6,7,4,2,3,0,0,7,0.023076923076923078,9,0.4,1,0
gpt_4o,gpt_4o.jsonl,none,16,desserts,Citrus-Berry Ricotta Parfaits,0.13,0.1,0.03,0.03,30.0,True,1,-3.673715464557717,2.78329687166812,161,8,9,11,0,1,0,8,0,0,6,6,6,100.0,1,0,0,0,8,3,3,0,0,1,15,0.0,0,1.0,1,0
gpt_4o,gpt_4o.jsonl,none,17,desserts,Crispy Rice Cereal Treats,0.028,0.02,0.008,0.008,40.0,True,-1,-4.8620521006966175,1.0167663959561322,165,7,10,9,0,1,0,13,0,0,6,6,4,66.66666666666666,3,0,2,4,9,5,3,4,0,3,12,0.024242424242424242,2,0.6666666666666666,1,0
gpt_4o,gpt_4o.jsonl,none,18,desserts,Carob Chip Cranberry Cookies,0.03125,0.03,0.0012500000000000011,0.0012500000000000011,4.1666666666666705,True,-1,-4.325512089600974,-0.2168488777211552,171,8,1,11,0,1,0,2,0,0,12,12,5,41.66666666666667,1,0,2,4,9,5,5,7,0,1,15,0.04093567251461988,7,0.4166666666666667,1,0
gpt_4o,gpt_4o.jsonl,none,19,desserts,Pumpkin Cinnamon Bars,0.0375,0.06,-0.0225,0.0225,37.5,True,-1,-2.46121666875951,0.04382984445095928,156,7,9,11,0,1,0,9,0,0,12,12,3,25.0,0,0,0,0,5,3,3,3,0,0,9,0.019230769230769232,9,0.25,0,1
gpt_4o,gpt_4o.jsonl,none,20,desserts,Carob Cupcakes with Cream Cheese Frosting,0.0633,0.03,0.033299999999999996,0.033299999999999996,110.99999999999999,True,-1,-3.949105897644745,0.6530490032234024,187,8,12,17,0,1,0,10,0,0,15,15,8,53.333333333333336,0,0,0,0,9,2,3,0,0,0,15,0.0,7,0.5333333333333333,1,0
gpt_4o,gpt_4o.jsonl,none,21,snacks,Rice Cakes with Peanut Butter and Strawberries,0.3,0.16,0.13999999999999999,0.13999999999999999,87.49999999999999,True,-1,-0.5918448994114845,1.4053910711271589,88,7,7,4,3,1,0,3,0,0,3,3,1,33.33333333333333,1,0,0,0,4,0,1,0,0,1,3,0.0,2,0.3333333333333333,1,0
gpt_4o,gpt_4o.jsonl,none,22,snacks,Avocado Toast with Feta,0.145,0.23,-0.08500000000000002,0.08500000000000002,36.956521739130444,True,-1,-2.4029510673520704,3.1257683141811503,131,7,5,6,0,1,0,9,0,0,3,3,3,100.0,0,0,1,4,4,1,4,2,0,0,8,0.015267175572519083,0,1.0,0,1
gpt_4o,gpt_4o.jsonl,none,23,snacks,Trail Mix Snack,0.21,0.1,0.10999999999999999,0.10999999999999999,109.99999999999999,True,1,-3.019579796079424,3.5513795774613377,128,7,2,5,0,1,0,11,0,0,4,4,4,100.0,0,0,0,0,7,3,4,5,0,0,5,0.0390625,0,1.0,1,0
gpt_4o,gpt_4o.jsonl,none,24,snacks,Almond Butter Apple Snack,0.35,0.14,0.20999999999999996,0.20999999999999996,149.99999999999994,True,1,-1.665862685851451,3.3125399893779077,108,8,3,4,0,1,0,5,0,0,2,2,2,100.0,0,0,0,0,4,1,6,0,0,0,7,0.0,0,1.0,1,0
gpt_4o,gpt_4o.jsonl,none,25,snacks,Hummus with Bell Pepper,0.3,0.14,0.15999999999999998,0.15999999999999998,114.28571428571426,True,1,-1.6719975683990016,3.311940663036143,110,8,3,4,0,1,0,5,0,0,2,2,2,100.0,0,0,0,0,4,1,6,0,0,0,7,0.0,0,1.0,1,0
gpt_4o,gpt_4o.jsonl,none,13,anytime_meals,Simple Greek Salad,0.0975,0.12,-0.022499999999999992,0.022499999999999992,18.749999999999993,True,-1,-4.1971280237529225,0.5561390346868698,139,6,1,11,0,1,0,4,0,0,16,15,11,68.75,2,0,0,0,9,6,3,3,0,2,9,0.02158273381294964,5,0.6875,0,1
gpt_4o_mini,gpt_4o_mini.jsonl,none,0,breakfast,Scrambled Egg & Black Bean Burritos,0.21,0.15,0.06,0.06,40.0,True,-1,-7.33989152977745,2.5956722687377702,215,8,11,13,11,1,0,1,0,0,11,11,11,100.0,0,0,0,0,13,7,4,14,0,0,16,0.06511627906976744,0,1.0,1,0
gpt_4o_mini,gpt_4o_mini.jsonl,none,1,breakfast,Cranberry Carrot Muffins,0.0388,0.06,-0.021199999999999997,0.021199999999999997,35.33333333333333,True,-1,-5.683534994726168,-0.8542098334329287,227,8,15,9,5,1,0,18,0,0,15,11,6,40.0,1,0,4,8,8,5,3,6,0,1,12,0.02643171806167401,9,0.4,0,1
gpt_4o_mini,gpt_4o_mini.jsonl,none,2,breakfast,Blueberry Banana Pancakes,0.325,0.17,0.155,0.155,91.17647058823529,True,-1,-5.793436952558952,1.5284061975770502,207,9,7,12,6,1,0,13,0,0,11,8,7,63.63636363636363,0,0,0,0,10,8,4,10,0,0,15,0.04830917874396135,4,0.6363636363636364,1,0
gpt_4o_mini,gpt_4o_mini.jsonl,none,3,breakfast,"Cheesy Egg, Bacon & Broccoli Muffins",0.1683,0.08,0.0883,0.0883,110.375,True,-1,-5.41757269970698,1.3286480098875062,229,13,12,14,6,1,0,16,0,0,10,6,6,60.0,0,0,1,0,8,2,9,5,0,0,6,0.021834061135371178,4,0.6,1,0
gpt_4o_mini,gpt_4o_mini.jsonl,none,4,breakfast,Glorious Green Smoothie Bowl,0.33,0.17,0.16,0.16,94.11764705882352,True,1,-5.2145825116134645,3.1792039941267984,211,8,10,12,6,1,0,12,0,0,6,6,6,100.0,0,0,0,0,6,4,4,8,0,0,13,0.037914691943127965,0,1.0,1,0
gpt_4o_mini,gpt_4o_mini.jsonl,none,5,anytime_meals,Sesame-Ginger Turkey Meatballs,0.175,0.04,0.13499999999999998,0.13499999999999998,337.49999999999994,True,-1,-5.927027516550996,1.1639203986512912,180,8,15,9,7,1,0,15,0,0,14,9,8,57.14285714285714,0,0,0,0,10,7,4,10,0,0,10,0.05555555555555555,6,0.5714285714285714,1,0
gpt_4o_mini,gpt_4o_mini.jsonl,none,6,anytime_meals,Chicken and Broccoli Piccata,0.0825,0.13,-0.0475,0.0475,36.53846153846153,True,-1,-6.48188340591863,-1.5337945563145519,233,8,22,12,8,1,0,17,0,0,14,9,5,35.714285714285715,4,0,4,0,7,3,4,4,0,4,15,0.017167381974248927,9,0.35714285714285715,0,1
gpt_4o_mini,gpt_4o_mini.jsonl,none,7,anytime_meals,Chicken Fajitas with Lime Sauce,0.06625,0.12,-0.05374999999999999,0.05374999999999999,44.791666666666664,True,-1,-5.427816560218682,-1.5737824062760442,221,9,17,10,6,1,0,14,0,0,18,10,6,33.33333333333333,2,0,2,4,6,4,4,4,0,2,16,0.01809954751131222,12,0.3333333333333333,0,1
gpt_4o_mini,gpt_4o_mini.jsonl,none,8,anytime_meals,One-Pot Beef & Mushroom Lasagna,0.1,0.09,0.010000000000000009,0.010000000000000009,11.111111111111121,True,-1,-2.688507233471151,0.05653774596112168,154,9,7,6,3,1,0,7,0,0,13,6,4,30.76923076923077,0,0,0,0,6,4,5,3,0,0,9,0.01948051948051948,9,0.3076923076923077,1,0
gpt_4o_mini,gpt_4o_mini.jsonl,none,9,anytime_meals,Pork Tenderloin with Dijon Gravy,0.24,0.14,0.09999999999999998,0.09999999999999998,71.4285714285714,True,-1,-3.9325286833048567,0.8527983070631064,200,9,13,8,4,1,0,16,0,0,10,4,4,40.0,0,0,1,0,11,3,3,3,0,0,16,0.015,6,0.4,1,0
gpt_4o_mini,gpt_4o_mini.jsonl,none,10,anytime_meals,Fish Tacos with Crunchy Slaw,0.22,0.14,0.07999999999999999,0.07999999999999999,57.14285714285713,True,-1,-2.9402145124766372,-1.3660186139965451,180,8,10,6,3,1,0,12,0,0,17,4,4,23.52941176470588,0,0,3,6,6,4,3,1,0,0,15,0.005555555555555556,13,0.23529411764705882,1,0
gpt_4o_mini,gpt_4o_mini.jsonl,none,11,anytime_meals,Chicken Sausage Garden Pasta,0.325,0.04,0.28500000000000003,0.28500000000000003,712.5000000000001,True,-1,-7.393432993738599,0.9324250441597054,234,6,21,20,10,1,0,15,0,0,10,10,7,70.0,3,0,0,0,11,3,4,6,0,3,18,0.02564102564102564,3,0.7,1,0
gpt_4o_mini,gpt_4o_mini.jsonl,none,12,anytime_meals,Roasted Cauliflower Power Salad,0.5,0.12,0.38,0.38,316.6666666666667,True,-1,-13.27061260007448,2.08406451825986,374,9,33,35,16,1,0,24,0,0,18,18,18,100.0,0,0,0,0,19,9,4,17,0,0,37,0.045454545454545456,0,1.0,1,0
gpt_4o_mini,gpt_4o_mini.jsonl,none,13,anytime_meals,Simple Greek Salad,0.08125,0.12,-0.03874999999999999,0.03874999999999999,32.291666666666664,True,-1,-6.9377779839628975,-0.2527352492231614,242,9,16,10,5,1,0,21,0,0,16,10,9,56.25,0,0,5,10,9,8,3,8,0,0,18,0.03305785123966942,7,0.5625,0,1
gpt_4o_mini,gpt_4o_mini.jsonl,none,14,anytime_meals,Apple-Celery Chicken Salad,0.215,0.1,0.11499999999999999,0.11499999999999999,114.99999999999999,True,-1,-8.431160463060259,1.591041078939297,242,8,21,18,10,1,0,17,0,0,11,11,9,81.81818181818183,2,0,0,0,11,6,4,11,0,2,19,0.045454545454545456,2,0.8181818181818182,1,0
gpt_4o_mini,gpt_4o_mini.jsonl,none,15,anytime_meals,Harvest Crunch Kale & Chicken Salad,0.66,0.19,0.47000000000000003,0.47000000000000003,247.3684210526316,True,-1,-9.156435432150058,-0.7025874857799035,296,14,15,19,7,1,0,14,0,0,15,15,6,40.0,1,0,0,0,22,8,10,10,0,1,28,0.033783783783783786,9,0.4,1,0
gpt_4o_mini,gpt_4o_mini.jsonl,none,16,desserts,Citrus-Berry Ricotta Parfaits,0.3685,0.1,0.26849999999999996,0.26849999999999996,268.49999999999994,True,-1,-5.552089615040426,2.8477270401634973,260,13,12,6,6,1,0,14,0,0,6,6,6,100.0,0,0,2,1,11,4,4,6,0,0,6,0.023076923076923078,0,1.0,1,0
gpt_4o_mini,gpt_4o_mini.jsonl,none,17,desserts,Crispy Rice Cereal Treats,0.035,0.02,0.015000000000000003,0.015000000000000003,75.00000000000001,True,1,-5.483229799500471,3.2496113955225447,194,8,12,12,6,1,0,14,0,0,6,6,6,100.0,0,0,0,0,9,5,3,8,0,0,12,0.041237113402061855,0,1.0,1,0
gpt_4o_mini,gpt_4o_mini.jsonl,none,18,desserts,Carob Chip Cranberry Cookies,0.035,0.03,0.0050000000000000044,0.0050000000000000044,16.666666666666682,True,-1,-8.306510197053434,1.9796671733536861,254,9,11,22,10,1,0,1,0,0,12,11,11,91.66666666666666,0,0,0,0,15,9,5,15,0,0,23,0.05905511811023622,1,0.9166666666666666,1,0
gpt_4o_mini,gpt_4o_mini.jsonl,none,19,desserts,Pumpkin Cinnamon Bars,0.06,0.06,0.0,0.0,0.0,True,-1,-12.913439887534622,-2.676134142520215,307,17,25,31,12,1,0,15,0,0,12,12,5,41.66666666666667,7,0,2,0,18,9,16,10,0,7,25,0.03257328990228013,7,0.4166666666666667,0,0
gpt_4o_mini,gpt_4o_mini.jsonl,none,20,desserts,Carob Cupcakes with Cream Cheese Frosting,0.175,0.03,0.145,0.145,483.3333333333333,True,-1,-12.808750373400834,-1.4378793491431932,320,8,32,23,15,1,0,17,0,0,15,15,9,60.0,7,0,0,0,22,10,6,15,0,7,22,0.046875,6,0.6,1,0
gpt_4o_mini,gpt_4o_mini.jsonl,none,21,snacks,Rice Cakes with Peanut Butter and Strawberries,0.25,0.16,0.09,0.09,56.25,True,1,-3.3123665854354987,2.964978380941443,170,8,8,6,3,1,0,8,0,0,3,3,3,100.0,1,0,0,0,7,2,5,1,0,1,9,0.0058823529411764705,0,1.0,1,0
gpt_4o_mini,gpt_4o_mini.jsonl,none,22,snacks,Avocado Toast with Feta,0.3,0.23,0.06999999999999998,0.06999999999999998,30.43478260869564,True,1,-2.805943897543997,3.436399882983891,131,7,7,6,3,1,0,9,0,0,3,3,3,100.0,0,0,0,0,3,1,5,3,0,0,8,0.022900763358778626,0,1.0,1,0
gpt_4o_mini,gpt_4o_mini.jsonl,none,23,snacks,Trail Mix Snack,0.42,0.1,0.31999999999999995,0.31999999999999995,319.99999999999994,True,1,-3.9033999291538923,3.3384194370045326,149,8,9,8,4,1,0,9,0,0,4,4,4,100.0,0,0,0,0,7,3,4,5,0,0,10,0.03355704697986577,0,1.0,1,0
gpt_4o_mini,gpt_4o_mini.jsonl,none,24,snacks,Almond Butter Apple Snack,0.35,0.14,0.20999999999999996,0.20999999999999996,149.99999999999994,True,1,-1.239294875318355,3.3986663406919715,96,6,2,5,0,1,0,5,0,0,2,2,2,100.0,0,0,0,0,3,0,5,0,0,0,7,0.0,0,1.0,1,0
gpt_4o_mini,gpt_4o_mini.jsonl,none,25,snacks,Hummus with Bell Pepper,0.2,0.14,0.06,0.06,42.85714285714285,True,1,-1.7249002263709945,3.3301587791891323,113,8,5,6,2,1,0,5,0,0,2,2,2,100.0,0,0,0,0,4,1,4,0,0,0,6,0.0,0,1.0,1,0
gpt_5_4__reasoning_high,gpt_5_4__reasoning_high.jsonl,high,24,snacks,Almond Butter Apple Snack,0.22,0.14,0.07999999999999999,0.07999999999999999,57.14285714285713,True,11,1.8794354401973017,1.1679444719268564,13,1,0,0,0,1,0,0,0,0,2,2,0,0.0,0,0,0,0,2,0,1,0,0,0,0,0.0,2,0.0,1,0
gpt_5_4__reasoning_high,gpt_5_4__reasoning_high.jsonl,high,0,breakfast,Scrambled Egg & Black Bean Burritos,0.19,0.15,0.04000000000000001,0.04000000000000001,26.66666666666667,True,15,1.8853523292931071,-0.09920058215491631,14,1,0,0,0,1,0,0,0,0,11,1,1,9.090909090909092,0,0,0,0,2,0,1,0,0,0,0,0.0,10,0.09090909090909091,1,0
gpt_5_4__reasoning_high,gpt_5_4__reasoning_high.jsonl,high,1,breakfast,Cranberry Carrot Muffins,0.063,0.06,0.0030000000000000027,0.0030000000000000027,5.000000000000004,True,25,2.140209595725743,-1.1444279486513835,12,1,0,0,0,1,0,0,0,0,15,1,0,0.0,0,0,0,0,2,0,1,0,0,0,0,0.0,15,0.0,1,0
gpt_5_4__reasoning_high,gpt_5_4__reasoning_high.jsonl,high,2,breakfast,Blueberry Banana Pancakes,0.19,0.17,0.01999999999999999,0.01999999999999999,11.764705882352935,True,21,2.079513877933275,-0.4296821556095195,12,1,0,0,0,1,0,0,0,0,11,1,0,0.0,0,0,0,0,2,0,1,0,0,0,0,0.0,11,0.0,1,0
gpt_5_4__reasoning_high,gpt_5_4__reasoning_high.jsonl,high,3,breakfast,"Cheesy Egg, Bacon & Broccoli Muffins",0.1,0.08,0.020000000000000004,0.020000000000000004,25.000000000000007,True,17,1.9977594345084626,-0.26184677732775463,14,1,0,0,0,1,0,0,0,0,10,2,0,0.0,0,0,0,0,2,0,1,0,0,0,0,0.0,10,0.0,1,0
gpt_5_4__reasoning_high,gpt_5_4__reasoning_high.jsonl,high,4,breakfast,Glorious Green Smoothie Bowl,0.16,0.17,-0.010000000000000009,0.010000000000000009,5.8823529411764754,True,5,2.1507325702668245,0.4186815282973184,13,1,0,0,0,1,0,0,0,0,6,0,0,0.0,0,0,0,0,2,0,1,0,0,0,0,0.0,6,0.0,0,1
gpt_5_4__reasoning_high,gpt_5_4__reasoning_high.jsonl,high,5,anytime_meals,Sesame-Ginger Turkey Meatballs,0.11,0.04,0.07,0.07,175.00000000000003,True,18,2.0010769621455626,-0.9865446508356727,13,1,0,0,0,1,0,0,0,0,14,3,0,0.0,0,0,0,0,2,0,1,0,0,0,0,0.0,14,0.0,1,0
gpt_5_4__reasoning_high,gpt_5_4__reasoning_high.jsonl,high,6,anytime_meals,Chicken and Broccoli Piccata,0.12,0.13,-0.010000000000000009,0.010000000000000009,7.692307692307699,True,3,1.5898688845474576,-0.17451203069150367,13,1,0,0,0,1,0,0,0,0,14,3,3,21.428571428571427,0,0,0,0,2,0,1,0,0,0,0,0.0,11,0.21428571428571427,0,1
gpt_5_4__reasoning_high,gpt_5_4__reasoning_high.jsonl,high,7,anytime_meals,Chicken Fajitas with Lime Sauce,0.18,0.12,0.06,0.06,50.0,True,-1,1.3989888338171363,-0.6928655417609227,14,1,0,0,0,1,0,0,0,0,18,4,4,22.22222222222222,0,0,0,0,2,0,1,0,0,0,0,0.0,14,0.2222222222222222,1,0
gpt_5_4__reasoning_high,gpt_5_4__reasoning_high.jsonl,high,8,anytime_meals,One-Pot Beef & Mushroom Lasagna,0.42,0.09,0.32999999999999996,0.32999999999999996,366.66666666666663,True,19,2.043281222852814,-0.7979061221091528,14,1,0,0,0,1,0,0,0,0,13,2,0,0.0,0,0,0,0,2,0,1,0,0,0,0,0.0,13,0.0,1,0
gpt_5_4__reasoning_high,gpt_5_4__reasoning_high.jsonl,high,9,anytime_meals,Pork Tenderloin with Dijon Gravy,0.11,0.14,-0.030000000000000013,0.030000000000000013,21.428571428571434,True,3,1.691765922905247,0.3845533217227114,14,1,0,0,0,1,0,0,0,0,10,2,2,20.0,0,0,0,0,2,0,1,0,0,0,0,0.0,8,0.2,0,1
gpt_5_4__reasoning_high,gpt_5_4__reasoning_high.jsonl,high,10,anytime_meals,Fish Tacos with Crunchy Slaw,0.26,0.14,0.12,0.12,85.7142857142857,True,23,2.164422572074426,-1.5024001715140805,14,1,0,0,0,1,0,0,0,0,17,1,0,0.0,0,0,0,0,2,0,1,0,0,0,0,0.0,17,0.0,1,0
gpt_5_4__reasoning_high,gpt_5_4__reasoning_high.jsonl,high,11,anytime_meals,Chicken Sausage Garden Pasta,0.25,0.04,0.21,0.21,525.0,True,14,1.742529413842103,0.0789115106621975,13,1,0,0,0,1,0,0,0,0,10,3,1,10.0,0,0,0,0,2,0,1,0,0,0,0,0.0,9,0.1,1,0
gpt_5_4__reasoning_high,gpt_5_4__reasoning_high.jsonl,high,12,anytime_meals,Roasted Cauliflower Power Salad,0.26,0.12,0.14,0.14,116.66666666666667,True,-1,2.032846249441825,-1.4260428793725557,13,1,0,0,0,1,0,0,0,0,18,1,1,5.555555555555555,0,0,0,0,2,0,1,0,0,0,0,0.0,17,0.05555555555555555,1,0
gpt_5_4__reasoning_high,gpt_5_4__reasoning_high.jsonl,high,13,anytime_meals,Simple Greek Salad,0.18,0.12,0.06,0.06,50.0,True,24,2.15538352517386,-1.3231143969118495,12,1,0,0,0,1,0,0,0,0,16,1,0,0.0,0,0,0,0,2,0,1,0,0,0,0,0.0,16,0.0,1,0
gpt_5_4__reasoning_high,gpt_5_4__reasoning_high.jsonl,high,14,anytime_meals,Apple-Celery Chicken Salad,0.05,0.1,-0.05,0.05,50.0,True,7,1.9848196917908338,-0.5157576875527575,13,1,0,0,0,1,0,0,0,0,11,4,0,0.0,0,0,0,0,2,0,1,0,0,0,0,0.0,11,0.0,0,1
gpt_5_4__reasoning_high,gpt_5_4__reasoning_high.jsonl,high,15,anytime_meals,Harvest Crunch Kale & Chicken Salad,0.22,0.19,0.03,0.03,15.789473684210526,True,-1,1.749976626461812,-0.5978077185554193,14,1,0,0,0,1,0,0,0,0,15,2,2,13.333333333333334,0,0,0,0,2,0,1,0,0,0,0,0.0,13,0.13333333333333333,1,0
gpt_5_4__reasoning_high,gpt_5_4__reasoning_high.jsonl,high,16,desserts,Citrus-Berry Ricotta Parfaits,0.084,0.1,-0.016,0.016,16.0,True,5,2.0902869388376804,0.40842978466038204,13,1,0,0,0,1,0,0,0,0,6,1,0,0.0,0,0,0,0,2,0,1,0,0,0,0,0.0,6,0.0,0,1
gpt_5_4__reasoning_high,gpt_5_4__reasoning_high.jsonl,high,17,desserts,Crispy Rice Cereal Treats,0.016,0.02,-0.004,0.004,20.0,True,5,2.0902869388376804,0.40842978466038204,13,1,0,0,0,1,0,0,0,0,6,1,0,0.0,0,0,0,0,2,0,1,0,0,0,0,0.0,6,0.0,0,1
gpt_5_4__reasoning_high,gpt_5_4__reasoning_high.jsonl,high,18,desserts,Carob Chip Cranberry Cookies,0.039,0.03,0.009000000000000001,0.009000000000000001,30.000000000000004,True,15,1.9117813370303116,-0.29394525779419844,13,1,0,0,0,1,0,0,0,0,12,1,1,8.333333333333332,0,0,0,0,2,0,1,0,0,0,0,0.0,11,0.08333333333333333,1,0
gpt_5_4__reasoning_high,gpt_5_4__reasoning_high.jsonl,high,19,desserts,Pumpkin Cinnamon Bars,0.04,0.06,-0.019999999999999997,0.019999999999999997,33.33333333333333,True,3,1.764274267216405,-0.04419496687512941,12,1,0,0,0,1,0,0,0,0,12,2,2,16.666666666666664,0,0,0,0,2,0,1,0,0,0,0,0.0,10,0.16666666666666666,0,1
gpt_5_4__reasoning_high,gpt_5_4__reasoning_high.jsonl,high,20,desserts,Carob Cupcakes with Cream Cheese Frosting,0.041,0.03,0.011000000000000003,0.011000000000000003,36.66666666666668,True,16,1.8912231550471685,-1.1778730119853391,15,1,0,0,0,1,0,0,0,0,15,4,0,0.0,0,0,0,0,3,0,1,0,0,0,0,0.0,15,0.0,1,0
gpt_5_4__reasoning_high,gpt_5_4__reasoning_high.jsonl,high,21,snacks,Rice Cakes with Peanut Butter and Strawberries,0.29,0.16,0.12999999999999998,0.12999999999999998,81.24999999999999,True,10,1.8249614143949486,0.9781072905168067,16,1,0,0,0,1,0,0,0,0,3,3,0,0.0,0,0,0,0,2,0,1,0,0,0,0,0.0,3,0.0,1,0
gpt_5_4__reasoning_high,gpt_5_4__reasoning_high.jsonl,high,22,snacks,Avocado Toast with Feta,0.09,0.23,-0.14,0.14,60.86956521739131,True,4,1.9238738876350412,0.9239856421679072,13,1,0,0,0,1,0,0,0,0,3,3,0,0.0,0,0,0,0,2,0,1,0,0,0,0,0.0,3,0.0,0,1
gpt_5_4__reasoning_high,gpt_5_4__reasoning_high.jsonl,high,23,snacks,Trail Mix Snack,0.17,0.1,0.07,0.07,70.0,True,12,2.033742003225599,0.8313747258506792,12,1,0,0,0,1,0,0,0,0,4,0,0,0.0,0,0,0,0,2,0,1,0,0,0,0,0.0,4,0.0,1,0
gpt_5_4__reasoning_high,gpt_5_4__reasoning_high.jsonl,high,25,snacks,Hummus with Bell Pepper,0.2,0.14,0.06,0.06,42.85714285714285,True,1,0.6191173103583689,3.59675845088703,13,1,0,0,0,1,0,0,0,0,2,2,2,100.0,0,0,0,0,2,0,1,0,0,0,0,0.0,0,1.0,1,0
gpt_5_4__reasoning_low,gpt_5_4__reasoning_low.jsonl,low,0,breakfast,Scrambled Egg & Black Bean Burritos,0.21,0.15,0.06,0.06,40.0,True,15,1.8853523292931071,-0.09920058215491631,14,1,0,0,0,1,0,0,0,0,11,1,1,9.090909090909092,0,0,0,0,2,0,1,0,0,0,0,0.0,10,0.09090909090909091,1,0
gpt_5_4__reasoning_low,gpt_5_4__reasoning_low.jsonl,low,1,breakfast,Cranberry Carrot Muffins,0.07,0.06,0.010000000000000009,0.010000000000000009,16.666666666666682,True,25,2.140209595725743,-1.1444279486513835,12,1,0,0,0,1,0,0,0,0,15,1,0,0.0,0,0,0,0,2,0,1,0,0,0,0,0.0,15,0.0,1,0
gpt_5_4__reasoning_low,gpt_5_4__reasoning_low.jsonl,low,2,breakfast,Blueberry Banana Pancakes,0.19,0.17,0.01999999999999999,0.01999999999999999,11.764705882352935,True,21,2.079513877933275,-0.4296821556095195,12,1,0,0,0,1,0,0,0,0,11,1,0,0.0,0,0,0,0,2,0,1,0,0,0,0,0.0,11,0.0,1,0
gpt_5_4__reasoning_low,gpt_5_4__reasoning_low.jsonl,low,3,breakfast,"Cheesy Egg, Bacon & Broccoli Muffins",0.1,0.08,0.020000000000000004,0.020000000000000004,25.000000000000007,True,17,1.9977594345084626,-0.26184677732775463,14,1,0,0,0,1,0,0,0,0,10,2,0,0.0,0,0,0,0,2,0,1,0,0,0,0,0.0,10,0.0,1,0
gpt_5_4__reasoning_low,gpt_5_4__reasoning_low.jsonl,low,4,breakfast,Glorious Green Smoothie Bowl,0.23,0.17,0.06,0.06,35.29411764705882,True,13,2.061022420848058,0.47370216615886473,13,1,0,0,0,1,0,0,0,0,6,0,0,0.0,0,0,0,0,2,0,1,0,0,0,0,0.0,6,0.0,1,0
gpt_5_4__reasoning_low,gpt_5_4__reasoning_low.jsonl,low,5,anytime_meals,Sesame-Ginger Turkey Meatballs,0.12,0.04,0.07999999999999999,0.07999999999999999,199.99999999999994,True,-1,1.5001587351286911,-0.11949139282995733,13,1,0,0,0,1,0,0,0,0,14,3,3,21.428571428571427,0,0,0,0,2,0,1,0,0,0,0,0.0,11,0.21428571428571427,1,0
gpt_5_4__reasoning_low,gpt_5_4__reasoning_low.jsonl,low,6,anytime_meals,Chicken and Broccoli Piccata,0.13,0.13,0.0,0.0,0.0,True,2,2.033968003537274,-1.0459516992523166,13,1,0,0,0,1,0,0,0,0,14,3,0,0.0,0,0,0,0,2,0,1,0,0,0,0,0.0,14,0.0,0,0
gpt_5_4__reasoning_low,gpt_5_4__reasoning_low.jsonl,low,7,anytime_meals,Chicken Fajitas with Lime Sauce,0.18,0.12,0.06,0.06,50.0,True,-1,1.3989888338171363,-0.6928655417609227,14,1,0,0,0,1,0,0,0,0,18,4,4,22.22222222222222,0,0,0,0,2,0,1,0,0,0,0,0.0,14,0.2222222222222222,1,0
gpt_5_4__reasoning_low,gpt_5_4__reasoning_low.jsonl,low,8,anytime_meals,One-Pot Beef & Mushroom Lasagna,0.38,0.09,0.29000000000000004,0.29000000000000004,322.2222222222223,True,-1,1.6974591658010405,-0.19614268762299586,14,1,0,0,0,1,0,0,0,0,13,2,2,15.384615384615385,0,0,0,0,2,0,1,0,0,0,0,0.0,11,0.15384615384615385,1,0
gpt_5_4__reasoning_low,gpt_5_4__reasoning_low.jsonl,low,9,anytime_meals,Pork Tenderloin with Dijon Gravy,0.12,0.14,-0.020000000000000018,0.020000000000000018,14.285714285714295,True,3,1.691765922905247,0.3845533217227114,14,1,0,0,0,1,0,0,0,0,10,2,2,20.0,0,0,0,0,2,0,1,0,0,0,0,0.0,8,0.2,0,1
gpt_5_4__reasoning_low,gpt_5_4__reasoning_low.jsonl,low,10,anytime_meals,Fish Tacos with Crunchy Slaw,0.27,0.14,0.13,0.13,92.85714285714285,True,23,2.164422572074426,-1.5024001715140805,14,1,0,0,0,1,0,0,0,0,17,1,0,0.0,0,0,0,0,2,0,1,0,0,0,0,0.0,17,0.0,1,0
gpt_5_4__reasoning_low,gpt_5_4__reasoning_low.jsonl,low,11,anytime_meals,Chicken Sausage Garden Pasta,0.28,0.04,0.24000000000000002,0.24000000000000002,600.0,True,-1,1.346825752820121,0.7803322475742098,13,1,0,0,0,1,0,0,0,0,10,3,3,30.0,0,0,0,0,2,0,1,0,0,0,0,0.0,7,0.3,1,0
gpt_5_4__reasoning_low,gpt_5_4__reasoning_low.jsonl,low,12,anytime_meals,Roasted Cauliflower Power Salad,0.26,0.12,0.14,0.14,116.66666666666667,True,22,2.1826639427963186,-1.680786956603664,13,1,0,0,0,1,0,0,0,0,18,1,0,0.0,0,0,0,0,2,0,1,0,0,0,0,0.0,18,0.0,1,0
gpt_5_4__reasoning_low,gpt_5_4__reasoning_low.jsonl,low,13,anytime_meals,Simple Greek Salad,0.16,0.12,0.04000000000000001,0.04000000000000001,33.33333333333334,True,-1,1.9980604978886636,-1.053375586676851,12,1,0,0,0,1,0,0,0,0,16,1,1,6.25,0,0,0,0,2,0,1,0,0,0,0,0.0,15,0.0625,1,0
gpt_5_4__reasoning_low,gpt_5_4__reasoning_low.jsonl,low,14,anytime_meals,Apple-Celery Chicken Salad,0.05,0.1,-0.05,0.05,50.0,True,-1,1.2327130274203673,0.8085659116327145,13,1,0,0,0,1,0,0,0,0,11,4,4,36.36363636363637,0,0,0,0,2,0,1,0,0,0,0,0.0,7,0.36363636363636365,0,1
gpt_5_4__reasoning_low,gpt_5_4__reasoning_low.jsonl,low,15,anytime_meals,Harvest Crunch Kale & Chicken Salad,0.2,0.19,0.010000000000000009,0.010000000000000009,5.263157894736847,True,-1,1.749976626461812,-0.5978077185554193,14,1,0,0,0,1,0,0,0,0,15,2,2,13.333333333333334,0,0,0,0,2,0,1,0,0,0,0,0.0,13,0.13333333333333333,1,0
gpt_5_4__reasoning_low,gpt_5_4__reasoning_low.jsonl,low,16,desserts,Citrus-Berry Ricotta Parfaits,0.08,0.1,-0.020000000000000004,0.020000000000000004,20.000000000000004,True,5,1.8203839025919435,0.903089589953735,13,1,0,0,0,1,0,0,0,0,6,1,1,16.666666666666664,0,0,0,0,2,0,1,0,0,0,0,0.0,5,0.16666666666666666,0,1
gpt_5_4__reasoning_low,gpt_5_4__reasoning_low.jsonl,low,17,desserts,Crispy Rice Cereal Treats,0.03,0.02,0.009999999999999998,0.009999999999999998,49.999999999999986,True,-1,1.730673753173177,0.9581102278152814,13,1,0,0,0,1,0,0,0,0,6,1,1,16.666666666666664,0,0,0,0,2,0,1,0,0,0,0,0.0,5,0.16666666666666666,1,0
gpt_5_4__reasoning_low,gpt_5_4__reasoning_low.jsonl,low,18,desserts,Carob Chip Cranberry Cookies,0.045,0.03,0.015,0.015,50.0,True,15,1.9117813370303116,-0.29394525779419844,13,1,0,0,0,1,0,0,0,0,12,1,1,8.333333333333332,0,0,0,0,2,0,1,0,0,0,0,0.0,11,0.08333333333333333,1,0
gpt_5_4__reasoning_low,gpt_5_4__reasoning_low.jsonl,low,19,desserts,Pumpkin Cinnamon Bars,0.04,0.06,-0.019999999999999997,0.019999999999999997,33.33333333333333,True,3,1.764274267216405,-0.04419496687512941,12,1,0,0,0,1,0,0,0,0,12,2,2,16.666666666666664,0,0,0,0,2,0,1,0,0,0,0,0.0,10,0.16666666666666666,0,1
gpt_5_4__reasoning_low,gpt_5_4__reasoning_low.jsonl,low,20,desserts,Carob Cupcakes with Cream Cheese Frosting,0.035,0.03,0.0050000000000000044,0.0050000000000000044,16.666666666666682,True,-1,1.2439182444726964,-0.06293041183600816,15,1,0,0,0,1,0,0,0,0,15,4,4,26.666666666666668,0,0,0,0,3,0,1,0,0,0,0,0.0,11,0.26666666666666666,1,0
gpt_5_4__reasoning_low,gpt_5_4__reasoning_low.jsonl,low,21,snacks,Rice Cakes with Peanut Butter and Strawberries,0.22,0.16,0.06,0.06,37.5,True,10,1.8249614143949486,0.9781072905168067,16,1,0,0,0,1,0,0,0,0,3,3,0,0.0,0,0,0,0,2,0,1,0,0,0,0,0.0,3,0.0,1,0
gpt_5_4__reasoning_low,gpt_5_4__reasoning_low.jsonl,low,22,snacks,Avocado Toast with Feta,0.13,0.23,-0.1,0.1,43.47826086956522,True,1,0.5737807358872364,3.4875858343280672,13,1,0,0,0,1,0,0,0,0,3,3,3,100.0,0,0,0,0,2,0,1,0,0,0,0,0.0,0,1.0,0,1
gpt_5_4__reasoning_low,gpt_5_4__reasoning_low.jsonl,low,23,snacks,Trail Mix Snack,0.21,0.1,0.10999999999999999,0.10999999999999999,109.99999999999999,True,12,2.033742003225599,0.8313747258506792,12,1,0,0,0,1,0,0,0,0,4,0,0,0.0,0,0,0,0,2,0,1,0,0,0,0,0.0,4,0.0,1,0
gpt_5_4__reasoning_low,gpt_5_4__reasoning_low.jsonl,low,24,snacks,Almond Butter Apple Snack,0.2,0.14,0.06,0.06,42.85714285714285,True,1,0.6191173103583689,3.59675845088703,13,1,0,0,0,1,0,0,0,0,2,2,2,100.0,0,0,0,0,2,0,1,0,0,0,0,0.0,0,1.0,1,0
gpt_5_4__reasoning_low,gpt_5_4__reasoning_low.jsonl,low,25,snacks,Hummus with Bell Pepper,0.21,0.14,0.06999999999999998,0.06999999999999998,49.99999999999998,True,1,0.6191173103583689,3.59675845088703,13,1,0,0,0,1,0,0,0,0,2,2,2,100.0,0,0,0,0,2,0,1,0,0,0,0,0.0,0,1.0,1,0
gpt_5_4__reasoning_medium,gpt_5_4__reasoning_medium.jsonl,medium,2,breakfast,Blueberry Banana Pancakes,0.24,0.17,0.06999999999999998,0.06999999999999998,41.17647058823528,True,21,2.079513877933275,-0.4296821556095195,12,1,0,0,0,1,0,0,0,0,11,1,0,0.0,0,0,0,0,2,0,1,0,0,0,0,0.0,11,0.0,1,0
gpt_5_4__reasoning_medium,gpt_5_4__reasoning_medium.jsonl,medium,4,breakfast,Glorious Green Smoothie Bowl,0.15,0.17,-0.020000000000000018,0.020000000000000018,11.764705882352951,True,5,2.1507325702668245,0.4186815282973184,13,1,0,0,0,1,0,0,0,0,6,0,0,0.0,0,0,0,0,2,0,1,0,0,0,0,0.0,6,0.0,0,1
gpt_5_4__reasoning_medium,gpt_5_4__reasoning_medium.jsonl,medium,9,anytime_meals,Pork Tenderloin with Dijon Gravy,0.11,0.14,-0.030000000000000013,0.030000000000000013,21.428571428571434,True,3,1.691765922905247,0.3845533217227114,14,1,0,0,0,1,0,0,0,0,10,2,2,20.0,0,0,0,0,2,0,1,0,0,0,0,0.0,8,0.2,0,1
gpt_5_4__reasoning_medium,gpt_5_4__reasoning_medium.jsonl,medium,11,anytime_meals,Chicken Sausage Garden Pasta,0.25,0.04,0.21,0.21,525.0,True,14,1.742529413842103,0.0789115106621975,13,1,0,0,0,1,0,0,0,0,10,3,1,10.0,0,0,0,0,2,0,1,0,0,0,0,0.0,9,0.1,1,0
gpt_5_4__reasoning_medium,gpt_5_4__reasoning_medium.jsonl,medium,14,anytime_meals,Apple-Celery Chicken Salad,0.055,0.1,-0.045000000000000005,0.045000000000000005,45.0,True,7,1.9848196917908338,-0.5157576875527575,13,1,0,0,0,1,0,0,0,0,11,4,0,0.0,0,0,0,0,2,0,1,0,0,0,0,0.0,11,0.0,0,1
gpt_5_4__reasoning_medium,gpt_5_4__reasoning_medium.jsonl,medium,16,desserts,Citrus-Berry Ricotta Parfaits,0.1,0.1,0.0,0.0,0.0,True,2,2.033467830810625,0.40404337410528446,13,1,0,0,0,1,0,0,0,0,6,1,0,0.0,0,0,0,0,2,0,1,0,0,0,0,0.0,6,0.0,0,0
gpt_5_4__reasoning_medium,gpt_5_4__reasoning_medium.jsonl,medium,21,snacks,Rice Cakes with Peanut Butter and Strawberries,0.23,0.16,0.07,0.07,43.75000000000001,True,1,0.47486826264714366,3.541707482676966,16,1,0,0,0,1,0,0,0,0,3,3,3,100.0,0,0,0,0,2,0,1,0,0,0,0,0.0,0,1.0,1,0
gpt_5_4__reasoning_medium,gpt_5_4__reasoning_medium.jsonl,medium,22,snacks,Avocado Toast with Feta,0.1,0.23,-0.13,0.13,56.52173913043478,True,1,0.5737807358872364,3.4875858343280672,13,1,0,0,0,1,0,0,0,0,3,3,3,100.0,0,0,0,0,2,0,1,0,0,0,0,0.0,0,1.0,0,1
gpt_5_4__reasoning_medium,gpt_5_4__reasoning_medium.jsonl,medium,24,snacks,Almond Butter Apple Snack,0.21,0.14,0.06999999999999998,0.06999999999999998,49.99999999999998,True,1,0.6191173103583689,3.59675845088703,13,1,0,0,0,1,0,0,0,0,2,2,2,100.0,0,0,0,0,2,0,1,0,0,0,0,0.0,0,1.0,1,0
gpt_5_4__reasoning_medium,gpt_5_4__reasoning_medium.jsonl,medium,25,snacks,Hummus with Bell Pepper,0.16,0.14,0.01999999999999999,0.01999999999999999,14.285714285714276,True,1,0.6191173103583689,3.59675845088703,13,1,0,0,0,1,0,0,0,0,2,2,2,100.0,0,0,0,0,2,0,1,0,0,0,0,0.0,0,1.0,1,0
gpt_5_4__reasoning_medium,gpt_5_4__reasoning_medium.jsonl,medium,1,breakfast,Cranberry Carrot Muffins,0.057,0.06,-0.0029999999999999957,0.0029999999999999957,4.999999999999993,True,6,2.2299197451445094,-1.19944858651293,12,1,0,0,0,1,0,0,0,0,15,1,0,0.0,0,0,0,0,2,0,1,0,0,0,0,0.0,15,0.0,0,1
gpt_5_4__reasoning_medium,gpt_5_4__reasoning_medium.jsonl,medium,3,breakfast,"Cheesy Egg, Bacon & Broccoli Muffins",0.11,0.08,0.03,0.03,37.5,True,17,1.9977594345084626,-0.26184677732775463,14,1,0,0,0,1,0,0,0,0,10,2,0,0.0,0,0,0,0,2,0,1,0,0,0,0,0.0,10,0.0,1,0
gpt_5_4__reasoning_medium,gpt_5_4__reasoning_medium.jsonl,medium,5,anytime_meals,Sesame-Ginger Turkey Meatballs,0.08,0.04,0.04,0.04,100.0,True,18,2.0010769621455626,-0.9865446508356727,13,1,0,0,0,1,0,0,0,0,14,3,0,0.0,0,0,0,0,2,0,1,0,0,0,0,0.0,14,0.0,1,0
gpt_5_4__reasoning_medium,gpt_5_4__reasoning_medium.jsonl,medium,6,anytime_meals,Chicken and Broccoli Piccata,0.1,0.13,-0.03,0.03,23.076923076923077,True,6,2.090787111564329,-1.041565288697219,13,1,0,0,0,1,0,0,0,0,14,3,0,0.0,0,0,0,0,2,0,1,0,0,0,0,0.0,14,0.0,0,1
gpt_5_4__reasoning_medium,gpt_5_4__reasoning_medium.jsonl,medium,7,anytime_meals,Chicken Fajitas with Lime Sauce,0.19,0.12,0.07,0.07,58.333333333333336,True,-1,1.3989888338171363,-0.6928655417609227,14,1,0,0,0,1,0,0,0,0,18,4,4,22.22222222222222,0,0,0,0,2,0,1,0,0,0,0,0.0,14,0.2222222222222222,1,0
gpt_5_4__reasoning_medium,gpt_5_4__reasoning_medium.jsonl,medium,8,anytime_meals,One-Pot Beef & Mushroom Lasagna,0.41,0.09,0.31999999999999995,0.31999999999999995,355.55555555555554,True,-1,1.6974591658010405,-0.19614268762299586,14,1,0,0,0,1,0,0,0,0,13,2,2,15.384615384615385,0,0,0,0,2,0,1,0,0,0,0,0.0,11,0.15384615384615385,1,0
gpt_5_4__reasoning_medium,gpt_5_4__reasoning_medium.jsonl,medium,10,anytime_meals,Fish Tacos with Crunchy Slaw,0.27,0.14,0.13,0.13,92.85714285714285,True,23,2.164422572074426,-1.5024001715140805,14,1,0,0,0,1,0,0,0,0,17,1,0,0.0,0,0,0,0,2,0,1,0,0,0,0,0.0,17,0.0,1,0
gpt_5_4__reasoning_medium,gpt_5_4__reasoning_medium.jsonl,medium,12,anytime_meals,Roasted Cauliflower Power Salad,0.21,0.12,0.09,0.09,75.0,True,-1,2.032846249441825,-1.4260428793725557,13,1,0,0,0,1,0,0,0,0,18,1,1,5.555555555555555,0,0,0,0,2,0,1,0,0,0,0,0.0,17,0.05555555555555555,1,0
gpt_5_4__reasoning_medium,gpt_5_4__reasoning_medium.jsonl,medium,13,anytime_meals,Simple Greek Salad,0.17,0.12,0.05000000000000002,0.05000000000000002,41.66666666666668,True,-1,1.9980604978886636,-1.053375586676851,12,1,0,0,0,1,0,0,0,0,16,1,1,6.25,0,0,0,0,2,0,1,0,0,0,0,0.0,15,0.0625,1,0
gpt_5_4__reasoning_medium,gpt_5_4__reasoning_medium.jsonl,medium,15,anytime_meals,Harvest Crunch Kale & Chicken Salad,0.215,0.19,0.024999999999999994,0.024999999999999994,13.157894736842103,True,-1,1.749976626461812,-0.5978077185554193,14,1,0,0,0,1,0,0,0,0,15,2,2,13.333333333333334,0,0,0,0,2,0,1,0,0,0,0,0.0,13,0.13333333333333333,1,0
gpt_5_4__reasoning_medium,gpt_5_4__reasoning_medium.jsonl,medium,17,desserts,Crispy Rice Cereal Treats,0.02,0.02,0.0,0.0,0.0,True,2,2.033467830810625,0.40404337410528446,13,1,0,0,0,1,0,0,0,0,6,1,0,0.0,0,0,0,0,2,0,1,0,0,0,0,0.0,6,0.0,0,0
gpt_5_4__reasoning_medium,gpt_5_4__reasoning_medium.jsonl,medium,18,desserts,Carob Chip Cranberry Cookies,0.04,0.03,0.010000000000000002,0.010000000000000002,33.33333333333334,True,20,2.0916203661076165,-0.608668267040868,13,1,0,0,0,1,0,0,0,0,12,1,0,0.0,0,0,0,0,2,0,1,0,0,0,0,0.0,12,0.0,1,0
gpt_5_4__reasoning_medium,gpt_5_4__reasoning_medium.jsonl,medium,19,desserts,Pumpkin Cinnamon Bars,0.04,0.06,-0.019999999999999997,0.019999999999999997,33.33333333333333,True,8,2.123952325371014,-0.6736409853684684,12,1,0,0,0,1,0,0,0,0,12,2,0,0.0,0,0,0,0,2,0,1,0,0,0,0,0.0,12,0.0,0,1
gpt_5_4__reasoning_medium,gpt_5_4__reasoning_medium.jsonl,medium,20,desserts,Carob Cupcakes with Cream Cheese Frosting,0.04,0.03,0.010000000000000002,0.010000000000000002,33.33333333333334,True,-1,1.2439182444726964,-0.06293041183600816,15,1,0,0,0,1,0,0,0,0,15,4,4,26.666666666666668,0,0,0,0,3,0,1,0,0,0,0,0.0,11,0.26666666666666666,1,0
gpt_5_4__reasoning_medium,gpt_5_4__reasoning_medium.jsonl,medium,23,snacks,Trail Mix Snack,0.19,0.1,0.09,0.09,89.99999999999999,True,12,2.033742003225599,0.8313747258506792,12,1,0,0,0,1,0,0,0,0,4,0,0,0.0,0,0,0,0,2,0,1,0,0,0,0,0.0,4,0.0,1,0
gpt_5_4__reasoning_medium,gpt_5_4__reasoning_medium.jsonl,medium,0,breakfast,Scrambled Egg & Black Bean Burritos,0.24,0.15,0.09,0.09,60.0,True,21,2.073378995385724,-0.43028148195128424,14,1,0,0,0,1,0,0,0,0,11,1,0,0.0,0,0,0,0,2,0,1,0,0,0,0,0.0,11,0.0,1,0
gpt_5_4_mini__reasoning_high,gpt_5_4_mini__reasoning_high.jsonl,high,13,anytime_meals,Simple Greek Salad,0.15,0.12,0.03,0.03,25.0,True,-1,1.9980604978886636,-1.053375586676851,12,1,0,0,0,1,0,0,0,0,16,1,1,6.25,0,0,0,0,2,0,1,0,0,0,0,0.0,15,0.0625,1,0
gpt_5_4_mini__reasoning_high,gpt_5_4_mini__reasoning_high.jsonl,high,22,snacks,Avocado Toast with Feta,0.11,0.23,-0.12000000000000001,0.12000000000000001,52.17391304347826,True,1,0.5737807358872364,3.4875858343280672,13,1,0,0,0,1,0,0,0,0,3,3,3,100.0,0,0,0,0,2,0,1,0,0,0,0,0.0,0,1.0,0,1
gpt_5_4_mini__reasoning_high,gpt_5_4_mini__reasoning_high.jsonl,high,24,snacks,Almond Butter Apple Snack,0.19,0.14,0.04999999999999999,0.04999999999999999,35.7142857142857,True,11,1.8794354401973017,1.1679444719268564,13,1,0,0,0,1,0,0,0,0,2,2,0,0.0,0,0,0,0,2,0,1,0,0,0,0,0.0,2,0.0,1,0
gpt_5_4_mini__reasoning_high,gpt_5_4_mini__reasoning_high.jsonl,high,25,snacks,Hummus with Bell Pepper,0.17,0.14,0.03,0.03,21.428571428571423,True,11,1.8794354401973017,1.1679444719268564,13,1,0,0,0,1,0,0,0,0,2,2,0,0.0,0,0,0,0,2,0,1,0,0,0,0,0.0,2,0.0,1,0
gpt_5_4_mini__reasoning_high,gpt_5_4_mini__reasoning_high.jsonl,high,0,breakfast,Scrambled Egg & Black Bean Burritos,0.2,0.15,0.05000000000000002,0.05000000000000002,33.33333333333335,True,21,2.073378995385724,-0.43028148195128424,14,1,0,0,0,1,0,0,0,0,11,1,0,0.0,0,0,0,0,2,0,1,0,0,0,0,0.0,11,0.0,1,0
gpt_5_4_mini__reasoning_high,gpt_5_4_mini__reasoning_high.jsonl,high,1,breakfast,Cranberry Carrot Muffins,0.05,0.06,-0.009999999999999995,0.009999999999999995,16.66666666666666,True,6,2.2299197451445094,-1.19944858651293,12,1,0,0,0,1,0,0,0,0,15,1,0,0.0,0,0,0,0,2,0,1,0,0,0,0,0.0,15,0.0,0,1
gpt_5_4_mini__reasoning_high,gpt_5_4_mini__reasoning_high.jsonl,high,2,breakfast,Blueberry Banana Pancakes,0.18,0.17,0.009999999999999981,0.009999999999999981,5.8823529411764595,True,15,1.891487211840658,-0.09860125581315157,12,1,0,0,0,1,0,0,0,0,11,1,1,9.090909090909092,0,0,0,0,2,0,1,0,0,0,0,0.0,10,0.09090909090909091,1,0
gpt_5_4_mini__reasoning_high,gpt_5_4_mini__reasoning_high.jsonl,high,3,breakfast,"Cheesy Egg, Bacon & Broccoli Muffins",0.09,0.08,0.009999999999999995,0.009999999999999995,12.499999999999993,True,-1,1.6020557734864806,0.4395739595842577,14,1,0,0,0,1,0,0,0,0,10,2,2,20.0,0,0,0,0,2,0,1,0,0,0,0,0.0,8,0.2,1,0
gpt_5_4_mini__reasoning_high,gpt_5_4_mini__reasoning_high.jsonl,high,4,breakfast,Glorious Green Smoothie Bowl,0.16,0.17,-0.010000000000000009,0.010000000000000009,5.8823529411764754,True,5,2.1507325702668245,0.4186815282973184,13,1,0,0,0,1,0,0,0,0,6,0,0,0.0,0,0,0,0,2,0,1,0,0,0,0,0.0,6,0.0,0,1
gpt_5_4_mini__reasoning_high,gpt_5_4_mini__reasoning_high.jsonl,high,5,anytime_meals,Sesame-Ginger Turkey Meatballs,0.078,0.04,0.038,0.038,95.0,True,-1,1.5001587351286911,-0.11949139282995733,13,1,0,0,0,1,0,0,0,0,14,3,3,21.428571428571427,0,0,0,0,2,0,1,0,0,0,0,0.0,11,0.21428571428571427,1,0
gpt_5_4_mini__reasoning_high,gpt_5_4_mini__reasoning_high.jsonl,high,6,anytime_meals,Chicken and Broccoli Piccata,0.12,0.13,-0.010000000000000009,0.010000000000000009,7.692307692307699,True,3,1.5898688845474576,-0.17451203069150367,13,1,0,0,0,1,0,0,0,0,14,3,3,21.428571428571427,0,0,0,0,2,0,1,0,0,0,0,0.0,11,0.21428571428571427,0,1
gpt_5_4_mini__reasoning_high,gpt_5_4_mini__reasoning_high.jsonl,high,7,anytime_meals,Chicken Fajitas with Lime Sauce,0.21,0.12,0.09,0.09,75.0,True,-1,1.3989888338171363,-0.6928655417609227,14,1,0,0,0,1,0,0,0,0,18,4,4,22.22222222222222,0,0,0,0,2,0,1,0,0,0,0,0.0,14,0.2222222222222222,1,0
gpt_5_4_mini__reasoning_high,gpt_5_4_mini__reasoning_high.jsonl,high,8,anytime_meals,One-Pot Beef & Mushroom Lasagna,0.32,0.09,0.23,0.23,255.55555555555557,True,-1,1.6974591658010405,-0.19614268762299586,14,1,0,0,0,1,0,0,0,0,13,2,2,15.384615384615385,0,0,0,0,2,0,1,0,0,0,0,0.0,11,0.15384615384615385,1,0
gpt_5_4_mini__reasoning_high,gpt_5_4_mini__reasoning_high.jsonl,high,9,anytime_meals,Pork Tenderloin with Dijon Gravy,0.07,0.14,-0.07,0.07,50.0,True,9,2.0874695839272293,-0.31686741518930095,14,1,0,0,0,1,0,0,0,0,10,2,0,0.0,0,0,0,0,2,0,1,0,0,0,0,0.0,10,0.0,0,1
gpt_5_4_mini__reasoning_high,gpt_5_4_mini__reasoning_high.jsonl,high,10,anytime_meals,Fish Tacos with Crunchy Slaw,0.24,0.14,0.09999999999999998,0.09999999999999998,71.4285714285714,True,23,2.164422572074426,-1.5024001715140805,14,1,0,0,0,1,0,0,0,0,17,1,0,0.0,0,0,0,0,2,0,1,0,0,0,0,0.0,17,0.0,1,0
gpt_5_4_mini__reasoning_high,gpt_5_4_mini__reasoning_high.jsonl,high,11,anytime_meals,Chicken Sausage Garden Pasta,0.27,0.04,0.23,0.23,575.0,True,14,1.742529413842103,0.0789115106621975,13,1,0,0,0,1,0,0,0,0,10,3,1,10.0,0,0,0,0,2,0,1,0,0,0,0,0.0,9,0.1,1,0
gpt_5_4_mini__reasoning_high,gpt_5_4_mini__reasoning_high.jsonl,high,12,anytime_meals,Roasted Cauliflower Power Salad,0.26,0.12,0.14,0.14,116.66666666666667,True,22,2.1826639427963186,-1.680786956603664,13,1,0,0,0,1,0,0,0,0,18,1,0,0.0,0,0,0,0,2,0,1,0,0,0,0,0.0,18,0.0,1,0
gpt_5_4_mini__reasoning_high,gpt_5_4_mini__reasoning_high.jsonl,high,14,anytime_meals,Apple-Celery Chicken Salad,0.08,0.1,-0.020000000000000004,0.020000000000000004,20.000000000000004,True,-1,1.2327130274203673,0.8085659116327145,13,1,0,0,0,1,0,0,0,0,11,4,4,36.36363636363637,0,0,0,0,2,0,1,0,0,0,0,0.0,7,0.36363636363636365,0,1
gpt_5_4_mini__reasoning_high,gpt_5_4_mini__reasoning_high.jsonl,high,15,anytime_meals,Harvest Crunch Kale & Chicken Salad,0.25,0.19,0.06,0.06,31.57894736842105,True,-1,1.749976626461812,-0.5978077185554193,14,1,0,0,0,1,0,0,0,0,15,2,2,13.333333333333334,0,0,0,0,2,0,1,0,0,0,0,0.0,13,0.13333333333333333,1,0
gpt_5_4_mini__reasoning_high,gpt_5_4_mini__reasoning_high.jsonl,high,16,desserts,Citrus-Berry Ricotta Parfaits,0.09,0.1,-0.010000000000000009,0.010000000000000009,10.000000000000009,True,5,1.8203839025919435,0.903089589953735,13,1,0,0,0,1,0,0,0,0,6,1,1,16.666666666666664,0,0,0,0,2,0,1,0,0,0,0,0.0,5,0.16666666666666666,0,1
gpt_5_4_mini__reasoning_high,gpt_5_4_mini__reasoning_high.jsonl,high,17,desserts,Crispy Rice Cereal Treats,0.025,0.02,0.005000000000000001,0.005000000000000001,25.000000000000007,True,-1,1.730673753173177,0.9581102278152814,13,1,0,0,0,1,0,0,0,0,6,1,1,16.666666666666664,0,0,0,0,2,0,1,0,0,0,0,0.0,5,0.16666666666666666,1,0
gpt_5_4_mini__reasoning_high,gpt_5_4_mini__reasoning_high.jsonl,high,18,desserts,Carob Chip Cranberry Cookies,0.039,0.03,0.009000000000000001,0.009000000000000001,30.000000000000004,True,15,1.9117813370303116,-0.29394525779419844,13,1,0,0,0,1,0,0,0,0,12,1,1,8.333333333333332,0,0,0,0,2,0,1,0,0,0,0,0.0,11,0.08333333333333333,1,0
gpt_5_4_mini__reasoning_high,gpt_5_4_mini__reasoning_high.jsonl,high,19,desserts,Pumpkin Cinnamon Bars,0.04,0.06,-0.019999999999999997,0.019999999999999997,33.33333333333333,True,3,1.764274267216405,-0.04419496687512941,12,1,0,0,0,1,0,0,0,0,12,2,2,16.666666666666664,0,0,0,0,2,0,1,0,0,0,0,0.0,10,0.16666666666666666,0,1
gpt_5_4_mini__reasoning_high,gpt_5_4_mini__reasoning_high.jsonl,high,20,desserts,Carob Cupcakes with Cream Cheese Frosting,0.036,0.03,0.005999999999999998,0.005999999999999998,19.999999999999996,True,16,1.8912231550471685,-1.1778730119853391,15,1,0,0,0,1,0,0,0,0,15,4,0,0.0,0,0,0,0,3,0,1,0,0,0,0,0.0,15,0.0,1,0
gpt_5_4_mini__reasoning_high,gpt_5_4_mini__reasoning_high.jsonl,high,21,snacks,Rice Cakes with Peanut Butter and Strawberries,0.23,0.16,0.07,0.07,43.75000000000001,True,10,1.8249614143949486,0.9781072905168067,16,1,0,0,0,1,0,0,0,0,3,3,0,0.0,0,0,0,0,2,0,1,0,0,0,0,0.0,3,0.0,1,0
gpt_5_4_mini__reasoning_high,gpt_5_4_mini__reasoning_high.jsonl,high,23,snacks,Trail Mix Snack,0.24,0.1,0.13999999999999999,0.13999999999999999,139.99999999999997,True,12,2.033742003225599,0.8313747258506792,12,1,0,0,0,1,0,0,0,0,4,0,0,0.0,0,0,0,0,2,0,1,0,0,0,0,0.0,4,0.0,1,0
gpt_5_4_mini__reasoning_low,gpt_5_4_mini__reasoning_low.jsonl,low,0,breakfast,Scrambled Egg & Black Bean Burritos,0.16,0.15,0.010000000000000009,0.010000000000000009,6.666666666666673,True,21,2.073378995385724,-0.43028148195128424,14,1,0,0,0,1,0,0,0,0,11,1,0,0.0,0,0,0,0,2,0,1,0,0,0,0,0.0,11,0.0,1,0
gpt_5_4_mini__reasoning_low,gpt_5_4_mini__reasoning_low.jsonl,low,1,breakfast,Cranberry Carrot Muffins,0.04,0.06,-0.019999999999999997,0.019999999999999997,33.33333333333333,True,6,2.2299197451445094,-1.19944858651293,12,1,0,0,0,1,0,0,0,0,15,1,0,0.0,0,0,0,0,2,0,1,0,0,0,0,0.0,15,0.0,0,1
gpt_5_4_mini__reasoning_low,gpt_5_4_mini__reasoning_low.jsonl,low,2,breakfast,Blueberry Banana Pancakes,0.15,0.17,-0.020000000000000018,0.020000000000000018,11.764705882352951,True,8,2.1692240273520413,-0.4847027934710658,12,1,0,0,0,1,0,0,0,0,11,1,0,0.0,0,0,0,0,2,0,1,0,0,0,0,0.0,11,0.0,0,1
gpt_5_4_mini__reasoning_low,gpt_5_4_mini__reasoning_low.jsonl,low,3,breakfast,"Cheesy Egg, Bacon & Broccoli Muffins",0.1,0.08,0.020000000000000004,0.020000000000000004,25.000000000000007,True,-1,1.6020557734864806,0.4395739595842577,14,1,0,0,0,1,0,0,0,0,10,2,2,20.0,0,0,0,0,2,0,1,0,0,0,0,0.0,8,0.2,1,0
gpt_5_4_mini__reasoning_low,gpt_5_4_mini__reasoning_low.jsonl,low,4,breakfast,Glorious Green Smoothie Bowl,0.17,0.17,0.0,0.0,0.0,True,2,2.0939134622397693,0.41429511774222083,13,1,0,0,0,1,0,0,0,0,6,0,0,0.0,0,0,0,0,2,0,1,0,0,0,0,0.0,6,0.0,0,0
gpt_5_4_mini__reasoning_low,gpt_5_4_mini__reasoning_low.jsonl,low,5,anytime_meals,Sesame-Ginger Turkey Meatballs,0.09,0.04,0.049999999999999996,0.049999999999999996,124.99999999999997,True,18,2.0010769621455626,-0.9865446508356727,13,1,0,0,0,1,0,0,0,0,14,3,0,0.0,0,0,0,0,2,0,1,0,0,0,0,0.0,14,0.0,1,0
gpt_5_4_mini__reasoning_low,gpt_5_4_mini__reasoning_low.jsonl,low,6,anytime_meals,Chicken and Broccoli Piccata,0.16,0.13,0.03,0.03,23.076923076923077,True,18,2.0010769621455626,-0.9865446508356727,13,1,0,0,0,1,0,0,0,0,14,3,0,0.0,0,0,0,0,2,0,1,0,0,0,0,0.0,14,0.0,1,0
gpt_5_4_mini__reasoning_low,gpt_5_4_mini__reasoning_low.jsonl,low,7,anytime_meals,Chicken Fajitas with Lime Sauce,0.2,0.12,0.08000000000000002,0.08000000000000002,66.66666666666669,True,-1,1.3989888338171363,-0.6928655417609227,14,1,0,0,0,1,0,0,0,0,18,4,4,22.22222222222222,0,0,0,0,2,0,1,0,0,0,0,0.0,14,0.2222222222222222,1,0
gpt_5_4_mini__reasoning_low,gpt_5_4_mini__reasoning_low.jsonl,low,8,anytime_meals,One-Pot Beef & Mushroom Lasagna,0.18,0.09,0.09,0.09,100.0,True,19,2.043281222852814,-0.7979061221091528,14,1,0,0,0,1,0,0,0,0,13,2,0,0.0,0,0,0,0,2,0,1,0,0,0,0,0.0,13,0.0,1,0
gpt_5_4_mini__reasoning_low,gpt_5_4_mini__reasoning_low.jsonl,low,9,anytime_meals,Pork Tenderloin with Dijon Gravy,0.08,0.14,-0.06000000000000001,0.06000000000000001,42.85714285714286,True,9,2.084402142653454,-0.3171670783601833,15,1,0,0,0,1,0,0,0,0,10,2,0,0.0,0,0,0,0,2,0,1,0,0,0,0,0.0,10,0.0,0,1
gpt_5_4_mini__reasoning_low,gpt_5_4_mini__reasoning_low.jsonl,low,10,anytime_meals,Fish Tacos with Crunchy Slaw,0.23,0.14,0.09,0.09,64.28571428571428,True,23,2.164422572074426,-1.5024001715140805,14,1,0,0,0,1,0,0,0,0,17,1,0,0.0,0,0,0,0,2,0,1,0,0,0,0,0.0,17,0.0,1,0
gpt_5_4_mini__reasoning_low,gpt_5_4_mini__reasoning_low.jsonl,low,11,anytime_meals,Chicken Sausage Garden Pasta,0.2,0.04,0.16,0.16,400.0,True,14,1.742529413842103,0.0789115106621975,13,1,0,0,0,1,0,0,0,0,10,3,1,10.0,0,0,0,0,2,0,1,0,0,0,0,0.0,9,0.1,1,0
gpt_5_4_mini__reasoning_low,gpt_5_4_mini__reasoning_low.jsonl,low,12,anytime_meals,Roasted Cauliflower Power Salad,0.25,0.12,0.13,0.13,108.33333333333334,True,-1,2.032846249441825,-1.4260428793725557,13,1,0,0,0,1,0,0,0,0,18,1,1,5.555555555555555,0,0,0,0,2,0,1,0,0,0,0,0.0,17,0.05555555555555555,1,0
gpt_5_4_mini__reasoning_low,gpt_5_4_mini__reasoning_low.jsonl,low,13,anytime_meals,Simple Greek Salad,0.21,0.12,0.09,0.09,75.0,True,24,2.15538352517386,-1.3231143969118495,12,1,0,0,0,1,0,0,0,0,16,1,0,0.0,0,0,0,0,2,0,1,0,0,0,0,0.0,16,0.0,1,0
gpt_5_4_mini__reasoning_low,gpt_5_4_mini__reasoning_low.jsonl,low,14,anytime_meals,Apple-Celery Chicken Salad,0.08,0.1,-0.020000000000000004,0.020000000000000004,20.000000000000004,True,7,1.9848196917908338,-0.5157576875527575,13,1,0,0,0,1,0,0,0,0,11,4,0,0.0,0,0,0,0,2,0,1,0,0,0,0,0.0,11,0.0,0,1
gpt_5_4_mini__reasoning_low,gpt_5_4_mini__reasoning_low.jsonl,low,15,anytime_meals,Harvest Crunch Kale & Chicken Salad,0.16,0.19,-0.03,0.03,15.789473684210526,True,6,2.1633392311678143,-1.2102996564916313,14,1,0,0,0,1,0,0,0,0,15,2,0,0.0,0,0,0,0,2,0,1,0,0,0,0,0.0,15,0.0,0,1
gpt_5_4_mini__reasoning_low,gpt_5_4_mini__reasoning_low.jsonl,low,16,desserts,Citrus-Berry Ricotta Parfaits,0.07,0.1,-0.03,0.03,30.0,True,5,2.0902869388376804,0.40842978466038204,13,1,0,0,0,1,0,0,0,0,6,1,0,0.0,0,0,0,0,2,0,1,0,0,0,0,0.0,6,0.0,0,1
gpt_5_4_mini__reasoning_low,gpt_5_4_mini__reasoning_low.jsonl,low,17,desserts,Crispy Rice Cereal Treats,0.02,0.02,0.0,0.0,0.0,True,2,1.7635647945648882,0.8987031793986374,13,1,0,0,0,1,0,0,0,0,6,1,1,16.666666666666664,0,0,0,0,2,0,1,0,0,0,0,0.0,5,0.16666666666666666,0,0
gpt_5_4_mini__reasoning_low,gpt_5_4_mini__reasoning_low.jsonl,low,18,desserts,Carob Chip Cranberry Cookies,0.05,0.03,0.020000000000000004,0.020000000000000004,66.66666666666669,True,15,1.9117813370303116,-0.29394525779419844,13,1,0,0,0,1,0,0,0,0,12,1,1,8.333333333333332,0,0,0,0,2,0,1,0,0,0,0,0.0,11,0.08333333333333333,1,0
gpt_5_4_mini__reasoning_low,gpt_5_4_mini__reasoning_low.jsonl,low,19,desserts,Pumpkin Cinnamon Bars,0.05,0.06,-0.009999999999999995,0.009999999999999995,16.66666666666666,True,8,2.123952325371014,-0.6736409853684684,12,1,0,0,0,1,0,0,0,0,12,2,0,0.0,0,0,0,0,2,0,1,0,0,0,0,0.0,12,0.0,0,1
gpt_5_4_mini__reasoning_low,gpt_5_4_mini__reasoning_low.jsonl,low,20,desserts,Carob Cupcakes with Cream Cheese Frosting,0.07,0.03,0.04000000000000001,0.04000000000000001,133.33333333333337,True,-1,1.2439182444726964,-0.06293041183600816,15,1,0,0,0,1,0,0,0,0,15,4,4,26.666666666666668,0,0,0,0,3,0,1,0,0,0,0,0.0,11,0.26666666666666666,1,0
gpt_5_4_mini__reasoning_low,gpt_5_4_mini__reasoning_low.jsonl,low,21,snacks,Rice Cakes with Peanut Butter and Strawberries,0.24,0.16,0.07999999999999999,0.07999999999999999,49.999999999999986,True,10,1.8249614143949486,0.9781072905168067,16,1,0,0,0,1,0,0,0,0,3,3,0,0.0,0,0,0,0,2,0,1,0,0,0,0,0.0,3,0.0,1,0
gpt_5_4_mini__reasoning_low,gpt_5_4_mini__reasoning_low.jsonl,low,22,snacks,Avocado Toast with Feta,0.12,0.23,-0.11000000000000001,0.11000000000000001,47.82608695652174,True,4,1.9238738876350412,0.9239856421679072,13,1,0,0,0,1,0,0,0,0,3,3,0,0.0,0,0,0,0,2,0,1,0,0,0,0,0.0,3,0.0,0,1
gpt_5_4_mini__reasoning_low,gpt_5_4_mini__reasoning_low.jsonl,low,23,snacks,Trail Mix Snack,0.14,0.1,0.04000000000000001,0.04000000000000001,40.00000000000001,True,12,2.033742003225599,0.8313747258506792,12,1,0,0,0,1,0,0,0,0,4,0,0,0.0,0,0,0,0,2,0,1,0,0,0,0,0.0,4,0.0,1,0
gpt_5_4_mini__reasoning_low,gpt_5_4_mini__reasoning_low.jsonl,low,24,snacks,Almond Butter Apple Snack,0.19,0.14,0.04999999999999999,0.04999999999999999,35.7142857142857,True,11,1.8794354401973017,1.1679444719268564,13,1,0,0,0,1,0,0,0,0,2,2,0,0.0,0,0,0,0,2,0,1,0,0,0,0,0.0,2,0.0,1,0
gpt_5_4_mini__reasoning_low,gpt_5_4_mini__reasoning_low.jsonl,low,25,snacks,Hummus with Bell Pepper,0.15,0.14,0.009999999999999981,0.009999999999999981,7.142857142857128,True,11,1.8794354401973017,1.1679444719268564,13,1,0,0,0,1,0,0,0,0,2,2,0,0.0,0,0,0,0,2,0,1,0,0,0,0,0.0,2,0.0,1,0
gpt_5_4_mini__reasoning_medium,gpt_5_4_mini__reasoning_medium.jsonl,medium,1,breakfast,Cranberry Carrot Muffins,0.04,0.06,-0.019999999999999997,0.019999999999999997,33.33333333333333,True,6,2.0680935175008917,-0.9207129364755974,12,1,0,0,0,1,0,0,0,0,15,1,1,6.666666666666667,0,0,0,0,2,0,1,0,0,0,0,0.0,14,0.06666666666666667,0,1
gpt_5_4_mini__reasoning_medium,gpt_5_4_mini__reasoning_medium.jsonl,medium,2,breakfast,Blueberry Banana Pancakes,0.19,0.17,0.01999999999999999,0.01999999999999999,11.764705882352935,True,15,1.891487211840658,-0.09860125581315157,12,1,0,0,0,1,0,0,0,0,11,1,1,9.090909090909092,0,0,0,0,2,0,1,0,0,0,0,0.0,10,0.09090909090909091,1,0
gpt_5_4_mini__reasoning_medium,gpt_5_4_mini__reasoning_medium.jsonl,medium,3,breakfast,"Cheesy Egg, Bacon & Broccoli Muffins",0.08,0.08,0.0,0.0,0.0,True,2,2.030650475900174,-0.32125382574439854,14,1,0,0,0,1,0,0,0,0,10,2,0,0.0,0,0,0,0,2,0,1,0,0,0,0,0.0,10,0.0,0,0
gpt_5_4_mini__reasoning_medium,gpt_5_4_mini__reasoning_medium.jsonl,medium,7,anytime_meals,Chicken Fajitas with Lime Sauce,0.33,0.12,0.21000000000000002,0.21000000000000002,175.00000000000003,True,-1,1.3989888338171363,-0.6928655417609227,14,1,0,0,0,1,0,0,0,0,18,4,4,22.22222222222222,0,0,0,0,2,0,1,0,0,0,0,0.0,14,0.2222222222222222,1,0
gpt_5_4_mini__reasoning_medium,gpt_5_4_mini__reasoning_medium.jsonl,medium,9,anytime_meals,Pork Tenderloin with Dijon Gravy,0.08,0.14,-0.06000000000000001,0.06000000000000001,42.85714285714286,True,3,1.691765922905247,0.3845533217227114,14,1,0,0,0,1,0,0,0,0,10,2,2,20.0,0,0,0,0,2,0,1,0,0,0,0,0.0,8,0.2,0,1
gpt_5_4_mini__reasoning_medium,gpt_5_4_mini__reasoning_medium.jsonl,medium,11,anytime_meals,Chicken Sausage Garden Pasta,0.24,0.04,0.19999999999999998,0.19999999999999998,499.9999999999999,True,-1,1.346825752820121,0.7803322475742098,13,1,0,0,0,1,0,0,0,0,10,3,3,30.0,0,0,0,0,2,0,1,0,0,0,0,0.0,7,0.3,1,0
gpt_5_4_mini__reasoning_medium,gpt_5_4_mini__reasoning_medium.jsonl,medium,13,anytime_meals,Simple Greek Salad,0.11,0.12,-0.009999999999999995,0.009999999999999995,8.33333333333333,True,6,2.0877706473074302,-1.1083962245383976,12,1,0,0,0,1,0,0,0,0,16,1,1,6.25,0,0,0,0,2,0,1,0,0,0,0,0.0,15,0.0625,0,1
gpt_5_4_mini__reasoning_medium,gpt_5_4_mini__reasoning_medium.jsonl,medium,14,anytime_meals,Apple-Celery Chicken Salad,0.05,0.1,-0.05,0.05,50.0,True,-1,1.2327130274203673,0.8085659116327145,13,1,0,0,0,1,0,0,0,0,11,4,4,36.36363636363637,0,0,0,0,2,0,1,0,0,0,0,0.0,7,0.36363636363636365,0,1
gpt_5_4_mini__reasoning_medium,gpt_5_4_mini__reasoning_medium.jsonl,medium,15,anytime_meals,Harvest Crunch Kale & Chicken Salad,0.18,0.19,-0.010000000000000009,0.010000000000000009,5.263157894736847,True,6,2.1633392311678143,-1.2102996564916313,14,1,0,0,0,1,0,0,0,0,15,2,0,0.0,0,0,0,0,2,0,1,0,0,0,0,0.0,15,0.0,0,1
gpt_5_4_mini__reasoning_medium,gpt_5_4_mini__reasoning_medium.jsonl,medium,16,desserts,Citrus-Berry Ricotta Parfaits,0.085,0.1,-0.015,0.015,15.0,True,5,2.0902869388376804,0.40842978466038204,13,1,0,0,0,1,0,0,0,0,6,1,0,0.0,0,0,0,0,2,0,1,0,0,0,0,0.0,6,0.0,0,1
gpt_5_4_mini__reasoning_medium,gpt_5_4_mini__reasoning_medium.jsonl,medium,17,desserts,Crispy Rice Cereal Treats,0.021,0.02,0.0010000000000000009,0.0010000000000000009,5.000000000000004,True,-1,1.730673753173177,0.9581102278152814,13,1,0,0,0,1,0,0,0,0,6,1,1,16.666666666666664,0,0,0,0,2,0,1,0,0,0,0,0.0,5,0.16666666666666666,1,0
gpt_5_4_mini__reasoning_medium,gpt_5_4_mini__reasoning_medium.jsonl,medium,18,desserts,Carob Chip Cranberry Cookies,0.05,0.03,0.020000000000000004,0.020000000000000004,66.66666666666669,True,20,2.0916203661076165,-0.608668267040868,13,1,0,0,0,1,0,0,0,0,12,1,0,0.0,0,0,0,0,2,0,1,0,0,0,0,0.0,12,0.0,1,0
gpt_5_4_mini__reasoning_medium,gpt_5_4_mini__reasoning_medium.jsonl,medium,19,desserts,Pumpkin Cinnamon Bars,0.04,0.06,-0.019999999999999997,0.019999999999999997,33.33333333333333,True,8,2.123952325371014,-0.6736409853684684,12,1,0,0,0,1,0,0,0,0,12,2,0,0.0,0,0,0,0,2,0,1,0,0,0,0,0.0,12,0.0,0,1
gpt_5_4_mini__reasoning_medium,gpt_5_4_mini__reasoning_medium.jsonl,medium,22,snacks,Avocado Toast with Feta,0.11,0.23,-0.12000000000000001,0.12000000000000001,52.17391304347826,True,1,0.5737807358872364,3.4875858343280672,13,1,0,0,0,1,0,0,0,0,3,3,3,100.0,0,0,0,0,2,0,1,0,0,0,0,0.0,0,1.0,0,1
gpt_5_4_mini__reasoning_medium,gpt_5_4_mini__reasoning_medium.jsonl,medium,23,snacks,Trail Mix Snack,0.15,0.1,0.04999999999999999,0.04999999999999999,49.999999999999986,True,12,2.033742003225599,0.8313747258506792,12,1,0,0,0,1,0,0,0,0,4,0,0,0.0,0,0,0,0,2,0,1,0,0,0,0,0.0,4,0.0,1,0
gpt_5_4_mini__reasoning_medium,gpt_5_4_mini__reasoning_medium.jsonl,medium,24,snacks,Almond Butter Apple Snack,0.19,0.14,0.04999999999999999,0.04999999999999999,35.7142857142857,True,1,0.6191173103583689,3.59675845088703,13,1,0,0,0,1,0,0,0,0,2,2,2,100.0,0,0,0,0,2,0,1,0,0,0,0,0.0,0,1.0,1,0
gpt_5_4_mini__reasoning_medium,gpt_5_4_mini__reasoning_medium.jsonl,medium,25,snacks,Hummus with Bell Pepper,0.15,0.14,0.009999999999999981,0.009999999999999981,7.142857142857128,True,1,0.6191173103583689,3.59675845088703,13,1,0,0,0,1,0,0,0,0,2,2,2,100.0,0,0,0,0,2,0,1,0,0,0,0,0.0,0,1.0,1,0
gpt_5_4_mini__reasoning_medium,gpt_5_4_mini__reasoning_medium.jsonl,medium,0,breakfast,Scrambled Egg & Black Bean Burritos,0.17,0.15,0.020000000000000018,0.020000000000000018,13.333333333333346,True,15,1.8853523292931071,-0.09920058215491631,14,1,0,0,0,1,0,0,0,0,11,1,1,9.090909090909092,0,0,0,0,2,0,1,0,0,0,0,0.0,10,0.09090909090909091,1,0
gpt_5_4_mini__reasoning_medium,gpt_5_4_mini__reasoning_medium.jsonl,medium,4,breakfast,Glorious Green Smoothie Bowl,0.17,0.17,0.0,0.0,0.0,True,2,2.0939134622397693,0.41429511774222083,13,1,0,0,0,1,0,0,0,0,6,0,0,0.0,0,0,0,0,2,0,1,0,0,0,0,0.0,6,0.0,0,0
gpt_5_4_mini__reasoning_medium,gpt_5_4_mini__reasoning_medium.jsonl,medium,5,anytime_meals,Sesame-Ginger Turkey Meatballs,0.1,0.04,0.060000000000000005,0.060000000000000005,150.0,True,18,2.0010769621455626,-0.9865446508356727,13,1,0,0,0,1,0,0,0,0,14,3,0,0.0,0,0,0,0,2,0,1,0,0,0,0,0.0,14,0.0,1,0
gpt_5_4_mini__reasoning_medium,gpt_5_4_mini__reasoning_medium.jsonl,medium,6,anytime_meals,Chicken and Broccoli Piccata,0.13,0.13,0.0,0.0,0.0,True,2,2.033968003537274,-1.0459516992523166,13,1,0,0,0,1,0,0,0,0,14,3,0,0.0,0,0,0,0,2,0,1,0,0,0,0,0.0,14,0.0,0,0
gpt_5_4_mini__reasoning_medium,gpt_5_4_mini__reasoning_medium.jsonl,medium,8,anytime_meals,One-Pot Beef & Mushroom Lasagna,0.25,0.09,0.16,0.16,177.7777777777778,True,19,2.043281222852814,-0.7979061221091528,14,1,0,0,0,1,0,0,0,0,13,2,0,0.0,0,0,0,0,2,0,1,0,0,0,0,0.0,13,0.0,1,0
gpt_5_4_mini__reasoning_medium,gpt_5_4_mini__reasoning_medium.jsonl,medium,10,anytime_meals,Fish Tacos with Crunchy Slaw,0.28,0.14,0.14,0.14,100.0,True,23,2.164422572074426,-1.5024001715140805,14,1,0,0,0,1,0,0,0,0,17,1,0,0.0,0,0,0,0,2,0,1,0,0,0,0,0.0,17,0.0,1,0
gpt_5_4_mini__reasoning_medium,gpt_5_4_mini__reasoning_medium.jsonl,medium,12,anytime_meals,Roasted Cauliflower Power Salad,0.26,0.12,0.14,0.14,116.66666666666667,True,22,2.1826639427963186,-1.680786956603664,13,1,0,0,0,1,0,0,0,0,18,1,0,0.0,0,0,0,0,2,0,1,0,0,0,0,0.0,18,0.0,1,0
gpt_5_4_mini__reasoning_medium,gpt_5_4_mini__reasoning_medium.jsonl,medium,20,desserts,Carob Cupcakes with Cream Cheese Frosting,0.033,0.03,0.0030000000000000027,0.0030000000000000027,10.000000000000009,True,16,1.8912231550471685,-1.1778730119853391,15,1,0,0,0,1,0,0,0,0,15,4,0,0.0,0,0,0,0,3,0,1,0,0,0,0,0.0,15,0.0,1,0
gpt_5_4_mini__reasoning_medium,gpt_5_4_mini__reasoning_medium.jsonl,medium,21,snacks,Rice Cakes with Peanut Butter and Strawberries,0.2,0.16,0.04000000000000001,0.04000000000000001,25.000000000000007,True,10,1.8249614143949486,0.9781072905168067,16,1,0,0,0,1,0,0,0,0,3,3,0,0.0,0,0,0,0,2,0,1,0,0,0,0,0.0,3,0.0,1,0
gpt_5_4_nano__reasoning_high,gpt_5_4_nano__reasoning_high.jsonl,high,21,snacks,Rice Cakes with Peanut Butter and Strawberries,0.43,0.16,0.27,0.27,168.75,True,10,1.8249614143949486,0.9781072905168067,16,1,0,0,0,1,0,0,0,0,3,3,0,0.0,0,0,0,0,2,0,1,0,0,0,0,0.0,3,0.0,1,0
gpt_5_4_nano__reasoning_high,gpt_5_4_nano__reasoning_high.jsonl,high,22,snacks,Avocado Toast with Feta,0.1,0.23,-0.13,0.13,56.52173913043478,True,4,1.920806446361266,0.923685978997025,14,1,0,0,0,1,0,0,0,0,3,3,0,0.0,0,0,0,0,2,0,1,0,0,0,0,0.0,3,0.0,0,1
gpt_5_4_nano__reasoning_high,gpt_5_4_nano__reasoning_high.jsonl,high,23,snacks,Trail Mix Snack,0.34,0.1,0.24000000000000002,0.24000000000000002,240.0,True,12,2.033742003225599,0.8313747258506792,12,1,0,0,0,1,0,0,0,0,4,0,0,0.0,0,0,0,0,2,0,1,0,0,0,0,0.0,4,0.0,1,0
gpt_5_4_nano__reasoning_high,gpt_5_4_nano__reasoning_high.jsonl,high,24,snacks,Almond Butter Apple Snack,0.22,0.14,0.07999999999999999,0.07999999999999999,57.14285714285713,True,11,1.8763679989235265,1.167644808755974,14,1,0,0,0,1,0,0,0,0,2,2,0,0.0,0,0,0,0,2,0,1,0,0,0,0,0.0,2,0.0,1,0
gpt_5_4_nano__reasoning_high,gpt_5_4_nano__reasoning_high.jsonl,high,25,snacks,Hummus with Bell Pepper,0.24,0.14,0.09999999999999998,0.09999999999999998,71.4285714285714,True,11,1.8763679989235265,1.167644808755974,14,1,0,0,0,1,0,0,0,0,2,2,0,0.0,0,0,0,0,2,0,1,0,0,0,0,0.0,2,0.0,1,0
gpt_5_4_nano__reasoning_high,gpt_5_4_nano__reasoning_high.jsonl,high,0,breakfast,Scrambled Egg & Black Bean Burritos,0.26,0.15,0.11000000000000001,0.11000000000000001,73.33333333333336,True,21,2.0703115541119486,-0.4305811451221666,15,1,0,0,0,1,0,0,0,0,11,1,0,0.0,0,0,0,0,2,0,1,0,0,0,0,0.0,11,0.0,1,0
gpt_5_4_nano__reasoning_high,gpt_5_4_nano__reasoning_high.jsonl,high,1,breakfast,Cranberry Carrot Muffins,0.068,0.06,0.008000000000000007,0.008000000000000007,13.333333333333346,True,25,2.1371421544519675,-1.144727611822266,13,1,0,0,0,1,0,0,0,0,15,1,0,0.0,0,0,0,0,2,0,1,0,0,0,0,0.0,15,0.0,1,0
gpt_5_4_nano__reasoning_high,gpt_5_4_nano__reasoning_high.jsonl,high,2,breakfast,Blueberry Banana Pancakes,0.24,0.17,0.06999999999999998,0.06999999999999998,41.17647058823528,True,21,2.0764464366594995,-0.42998181878040187,13,1,0,0,0,1,0,0,0,0,11,1,0,0.0,0,0,0,0,2,0,1,0,0,0,0,0.0,11,0.0,1,0
gpt_5_4_nano__reasoning_high,gpt_5_4_nano__reasoning_high.jsonl,high,3,breakfast,"Cheesy Egg, Bacon & Broccoli Muffins",0.077,0.08,-0.0030000000000000027,0.0030000000000000027,3.7500000000000036,True,9,2.084402142653454,-0.3171670783601833,15,1,0,0,0,1,0,0,0,0,10,2,0,0.0,0,0,0,0,2,0,1,0,0,0,0,0.0,10,0.0,0,1
gpt_5_4_nano__reasoning_high,gpt_5_4_nano__reasoning_high.jsonl,high,4,breakfast,Glorious Green Smoothie Bowl,0.19,0.17,0.01999999999999999,0.01999999999999999,11.764705882352935,True,13,2.0579549795742826,0.47340250298798237,14,1,0,0,0,1,0,0,0,0,6,0,0,0.0,0,0,0,0,2,0,1,0,0,0,0,0.0,6,0.0,1,0
gpt_5_4_nano__reasoning_high,gpt_5_4_nano__reasoning_high.jsonl,high,5,anytime_meals,Sesame-Ginger Turkey Meatballs,0.24,0.04,0.19999999999999998,0.19999999999999998,499.9999999999999,True,18,1.998009520871787,-0.9868443140065551,14,1,0,0,0,1,0,0,0,0,14,3,0,0.0,0,0,0,0,2,0,1,0,0,0,0,0.0,14,0.0,1,0
gpt_5_4_nano__reasoning_high,gpt_5_4_nano__reasoning_high.jsonl,high,6,anytime_meals,Chicken and Broccoli Piccata,0.16,0.13,0.03,0.03,23.076923076923077,True,18,1.998009520871787,-0.9868443140065551,14,1,0,0,0,1,0,0,0,0,14,3,0,0.0,0,0,0,0,2,0,1,0,0,0,0,0.0,14,0.0,1,0
gpt_5_4_nano__reasoning_high,gpt_5_4_nano__reasoning_high.jsonl,high,7,anytime_meals,Chicken Fajitas with Lime Sauce,0.22,0.12,0.1,0.1,83.33333333333334,True,-1,1.9982596072351113,-1.7118418506853557,14,1,0,0,0,1,0,0,0,0,18,4,0,0.0,0,0,0,0,2,0,1,0,0,0,0,0.0,18,0.0,1,0
gpt_5_4_nano__reasoning_high,gpt_5_4_nano__reasoning_high.jsonl,high,8,anytime_meals,One-Pot Beef & Mushroom Lasagna,0.41,0.09,0.31999999999999995,0.31999999999999995,355.55555555555554,True,19,2.0402137815790384,-0.7982057852800352,15,1,0,0,0,1,0,0,0,0,13,2,0,0.0,0,0,0,0,2,0,1,0,0,0,0,0.0,13,0.0,1,0
gpt_5_4_nano__reasoning_high,gpt_5_4_nano__reasoning_high.jsonl,high,9,anytime_meals,Pork Tenderloin with Dijon Gravy,0.12,0.14,-0.020000000000000018,0.020000000000000018,14.285714285714295,True,9,2.084402142653454,-0.3171670783601833,15,1,0,0,0,1,0,0,0,0,10,2,0,0.0,0,0,0,0,2,0,1,0,0,0,0,0.0,10,0.0,0,1
gpt_5_4_nano__reasoning_high,gpt_5_4_nano__reasoning_high.jsonl,high,10,anytime_meals,Fish Tacos with Crunchy Slaw,0.34,0.14,0.2,0.2,142.85714285714286,True,23,2.1613551308006507,-1.5026998346849627,15,1,0,0,0,1,0,0,0,0,17,1,0,0.0,0,0,0,0,2,0,1,0,0,0,0,0.0,17,0.0,1,0
gpt_5_4_nano__reasoning_high,gpt_5_4_nano__reasoning_high.jsonl,high,11,anytime_meals,Chicken Sausage Garden Pasta,0.82,0.04,0.7799999999999999,0.7799999999999999,1949.9999999999995,True,14,1.7394619725683276,0.07861184749131513,14,1,0,0,0,1,0,0,0,0,10,3,1,10.0,0,0,0,0,2,0,1,0,0,0,0,0.0,9,0.1,1,0
gpt_5_4_nano__reasoning_high,gpt_5_4_nano__reasoning_high.jsonl,high,12,anytime_meals,Roasted Cauliflower Power Salad,0.29,0.12,0.16999999999999998,0.16999999999999998,141.66666666666666,True,22,2.1826639427963186,-1.680786956603664,13,1,0,0,0,1,0,0,0,0,18,1,0,0.0,0,0,0,0,2,0,1,0,0,0,0,0.0,18,0.0,1,0
gpt_5_4_nano__reasoning_high,gpt_5_4_nano__reasoning_high.jsonl,high,13,anytime_meals,Simple Greek Salad,0.095,0.12,-0.024999999999999994,0.024999999999999994,20.83333333333333,True,6,2.242026233318851,-1.3784346979442785,13,1,0,0,0,1,0,0,0,0,16,1,0,0.0,0,0,0,0,2,0,1,0,0,0,0,0.0,16,0.0,0,1
gpt_5_4_nano__reasoning_high,gpt_5_4_nano__reasoning_high.jsonl,high,14,anytime_meals,Apple-Celery Chicken Salad,0.061,0.1,-0.03900000000000001,0.03900000000000001,39.00000000000001,True,7,1.9817522505170584,-0.5160573507236399,14,1,0,0,0,1,0,0,0,0,11,4,0,0.0,0,0,0,0,2,0,1,0,0,0,0,0.0,11,0.0,0,1
gpt_5_4_nano__reasoning_high,gpt_5_4_nano__reasoning_high.jsonl,high,15,anytime_meals,Harvest Crunch Kale & Chicken Salad,1.3,0.19,1.11,1.11,584.2105263157896,True,25,2.0705616404752725,-1.155578681800967,15,1,0,0,0,1,0,0,0,0,15,2,0,0.0,0,0,0,0,2,0,1,0,0,0,0,0.0,15,0.0,1,0
gpt_5_4_nano__reasoning_high,gpt_5_4_nano__reasoning_high.jsonl,high,16,desserts,Citrus-Berry Ricotta Parfaits,0.095,0.1,-0.0050000000000000044,0.0050000000000000044,5.000000000000004,True,5,2.087219497563905,0.4081301214894997,14,1,0,0,0,1,0,0,0,0,6,1,0,0.0,0,0,0,0,2,0,1,0,0,0,0,0.0,6,0.0,0,1
gpt_5_4_nano__reasoning_high,gpt_5_4_nano__reasoning_high.jsonl,high,17,desserts,Crispy Rice Cereal Treats,0.052,0.02,0.032,0.032,160.0,True,13,1.9975093481451383,0.463150759351046,14,1,0,0,0,1,0,0,0,0,6,1,0,0.0,0,0,0,0,2,0,1,0,0,0,0,0.0,6,0.0,1,0
gpt_5_4_nano__reasoning_high,gpt_5_4_nano__reasoning_high.jsonl,high,18,desserts,Carob Chip Cranberry Cookies,0.05,0.03,0.020000000000000004,0.020000000000000004,66.66666666666669,True,20,2.088552924833841,-0.6089679302117503,14,1,0,0,0,1,0,0,0,0,12,1,0,0.0,0,0,0,0,2,0,1,0,0,0,0,0.0,12,0.0,1,0
gpt_5_4_nano__reasoning_high,gpt_5_4_nano__reasoning_high.jsonl,high,19,desserts,Pumpkin Cinnamon Bars,0.035,0.06,-0.024999999999999994,0.024999999999999994,41.66666666666666,True,8,2.1208848840972387,-0.6739406485393508,13,1,0,0,0,1,0,0,0,0,12,2,0,0.0,0,0,0,0,2,0,1,0,0,0,0,0.0,12,0.0,0,1
gpt_5_4_nano__reasoning_high,gpt_5_4_nano__reasoning_high.jsonl,high,20,desserts,Carob Cupcakes with Cream Cheese Frosting,0.047,0.03,0.017,0.017,56.66666666666668,True,16,1.8881557137733933,-1.1781726751562214,16,1,0,0,0,1,0,0,0,0,15,4,0,0.0,0,0,0,0,3,0,1,0,0,0,0,0.0,15,0.0,1,0
gpt_5_4_nano__reasoning_low,gpt_5_4_nano__reasoning_low.jsonl,low,0,breakfast,Scrambled Egg & Black Bean Burritos,0.246,0.15,0.096,0.096,64.0,True,21,2.0703115541119486,-0.4305811451221666,15,1,0,0,0,1,0,0,0,0,11,1,0,0.0,0,0,0,0,2,0,1,0,0,0,0,0.0,11,0.0,1,0
gpt_5_4_nano__reasoning_low,gpt_5_4_nano__reasoning_low.jsonl,low,1,breakfast,Cranberry Carrot Muffins,0.07,0.06,0.010000000000000009,0.010000000000000009,16.666666666666682,True,25,2.1371421544519675,-1.144727611822266,13,1,0,0,0,1,0,0,0,0,15,1,0,0.0,0,0,0,0,2,0,1,0,0,0,0,0.0,15,0.0,1,0
gpt_5_4_nano__reasoning_low,gpt_5_4_nano__reasoning_low.jsonl,low,2,breakfast,Blueberry Banana Pancakes,0.27,0.17,0.1,0.1,58.82352941176471,True,21,2.0764464366594995,-0.42998181878040187,13,1,0,0,0,1,0,0,0,0,11,1,0,0.0,0,0,0,0,2,0,1,0,0,0,0,0.0,11,0.0,1,0
gpt_5_4_nano__reasoning_low,gpt_5_4_nano__reasoning_low.jsonl,low,3,breakfast,"Cheesy Egg, Bacon & Broccoli Muffins",0.16,0.08,0.08,0.08,100.0,True,17,1.9946919932346872,-0.262146440498637,15,1,0,0,0,1,0,0,0,0,10,2,0,0.0,0,0,0,0,2,0,1,0,0,0,0,0.0,10,0.0,1,0
gpt_5_4_nano__reasoning_low,gpt_5_4_nano__reasoning_low.jsonl,low,4,breakfast,Glorious Green Smoothie Bowl,0.28,0.17,0.11000000000000001,0.11000000000000001,64.70588235294117,True,13,2.0579549795742826,0.47340250298798237,14,1,0,0,0,1,0,0,0,0,6,0,0,0.0,0,0,0,0,2,0,1,0,0,0,0,0.0,6,0.0,1,0
gpt_5_4_nano__reasoning_low,gpt_5_4_nano__reasoning_low.jsonl,low,5,anytime_meals,Sesame-Ginger Turkey Meatballs,0.16,0.04,0.12,0.12,300.0,True,18,2.0010769621455626,-0.9865446508356727,13,1,0,0,0,1,0,0,0,0,14,3,0,0.0,0,0,0,0,2,0,1,0,0,0,0,0.0,14,0.0,1,0
gpt_5_4_nano__reasoning_low,gpt_5_4_nano__reasoning_low.jsonl,low,6,anytime_meals,Chicken and Broccoli Piccata,0.175,0.13,0.044999999999999984,0.044999999999999984,34.615384615384606,True,18,1.998009520871787,-0.9868443140065551,14,1,0,0,0,1,0,0,0,0,14,3,0,0.0,0,0,0,0,2,0,1,0,0,0,0,0.0,14,0.0,1,0
gpt_5_4_nano__reasoning_low,gpt_5_4_nano__reasoning_low.jsonl,low,7,anytime_meals,Chicken Fajitas with Lime Sauce,0.34,0.12,0.22000000000000003,0.22000000000000003,183.33333333333337,True,-1,1.9951921659613359,-1.712141513856238,15,1,0,0,0,1,0,0,0,0,18,4,0,0.0,0,0,0,0,2,0,1,0,0,0,0,0.0,18,0.0,1,0
gpt_5_4_nano__reasoning_low,gpt_5_4_nano__reasoning_low.jsonl,low,8,anytime_meals,One-Pot Beef & Mushroom Lasagna,0.43,0.09,0.33999999999999997,0.33999999999999997,377.77777777777777,True,19,2.0402137815790384,-0.7982057852800352,15,1,0,0,0,1,0,0,0,0,13,2,0,0.0,0,0,0,0,2,0,1,0,0,0,0,0.0,13,0.0,1,0
gpt_5_4_nano__reasoning_low,gpt_5_4_nano__reasoning_low.jsonl,low,9,anytime_meals,Pork Tenderloin with Dijon Gravy,0.13,0.14,-0.010000000000000009,0.010000000000000009,7.142857142857148,True,9,2.084402142653454,-0.3171670783601833,15,1,0,0,0,1,0,0,0,0,10,2,0,0.0,0,0,0,0,2,0,1,0,0,0,0,0.0,10,0.0,0,1
gpt_5_4_nano__reasoning_low,gpt_5_4_nano__reasoning_low.jsonl,low,10,anytime_meals,Fish Tacos with Crunchy Slaw,0.25,0.14,0.10999999999999999,0.10999999999999999,78.57142857142856,True,23,2.1613551308006507,-1.5026998346849627,15,1,0,0,0,1,0,0,0,0,17,1,0,0.0,0,0,0,0,2,0,1,0,0,0,0,0.0,17,0.0,1,0
gpt_5_4_nano__reasoning_low,gpt_5_4_nano__reasoning_low.jsonl,low,11,anytime_meals,Chicken Sausage Garden Pasta,7.0,0.04,6.96,6.96,17400.0,True,14,1.7394619725683276,0.07861184749131513,14,1,0,0,0,1,0,0,0,0,10,3,1,10.0,0,0,0,0,2,0,1,0,0,0,0,0.0,9,0.1,1,0
gpt_5_4_nano__reasoning_low,gpt_5_4_nano__reasoning_low.jsonl,low,12,anytime_meals,Roasted Cauliflower Power Salad,0.19,0.12,0.07,0.07,58.333333333333336,True,22,2.1795965015225436,-1.6810866197745464,14,1,0,0,0,1,0,0,0,0,18,1,0,0.0,0,0,0,0,2,0,1,0,0,0,0,0.0,18,0.0,1,0
gpt_5_4_nano__reasoning_low,gpt_5_4_nano__reasoning_low.jsonl,low,13,anytime_meals,Simple Greek Salad,0.43,0.12,0.31,0.31,258.33333333333337,True,24,2.1523160839000846,-1.323414060082732,13,1,0,0,0,1,0,0,0,0,16,1,0,0.0,0,0,0,0,2,0,1,0,0,0,0,0.0,16,0.0,1,0
gpt_5_4_nano__reasoning_low,gpt_5_4_nano__reasoning_low.jsonl,low,14,anytime_meals,Apple-Celery Chicken Salad,0.07,0.1,-0.03,0.03,30.0,True,7,1.9817522505170584,-0.5160573507236399,14,1,0,0,0,1,0,0,0,0,11,4,0,0.0,0,0,0,0,2,0,1,0,0,0,0,0.0,11,0.0,0,1
gpt_5_4_nano__reasoning_low,gpt_5_4_nano__reasoning_low.jsonl,low,15,anytime_meals,Harvest Crunch Kale & Chicken Salad,0.41,0.19,0.21999999999999997,0.21999999999999997,115.7894736842105,True,25,2.0705616404752725,-1.155578681800967,15,1,0,0,0,1,0,0,0,0,15,2,0,0.0,0,0,0,0,2,0,1,0,0,0,0,0.0,15,0.0,1,0
gpt_5_4_nano__reasoning_low,gpt_5_4_nano__reasoning_low.jsonl,low,16,desserts,Citrus-Berry Ricotta Parfaits,0.27,0.1,0.17,0.17,170.0,True,13,1.9975093481451383,0.463150759351046,14,1,0,0,0,1,0,0,0,0,6,1,0,0.0,0,0,0,0,2,0,1,0,0,0,0,0.0,6,0.0,1,0
gpt_5_4_nano__reasoning_low,gpt_5_4_nano__reasoning_low.jsonl,low,17,desserts,Crispy Rice Cereal Treats,0.034,0.02,0.014000000000000002,0.014000000000000002,70.0,True,13,1.9975093481451383,0.463150759351046,14,1,0,0,0,1,0,0,0,0,6,1,0,0.0,0,0,0,0,2,0,1,0,0,0,0,0.0,6,0.0,1,0
gpt_5_4_nano__reasoning_low,gpt_5_4_nano__reasoning_low.jsonl,low,18,desserts,Carob Chip Cranberry Cookies,0.048,0.03,0.018000000000000002,0.018000000000000002,60.00000000000001,True,20,2.0916203661076165,-0.608668267040868,13,1,0,0,0,1,0,0,0,0,12,1,0,0.0,0,0,0,0,2,0,1,0,0,0,0,0.0,12,0.0,1,0
gpt_5_4_nano__reasoning_low,gpt_5_4_nano__reasoning_low.jsonl,low,19,desserts,Pumpkin Cinnamon Bars,0.064,0.06,0.0040000000000000036,0.0040000000000000036,6.666666666666673,True,20,2.0311747346784723,-0.6189200106778043,13,1,0,0,0,1,0,0,0,0,12,2,0,0.0,0,0,0,0,2,0,1,0,0,0,0,0.0,12,0.0,1,0
gpt_5_4_nano__reasoning_low,gpt_5_4_nano__reasoning_low.jsonl,low,20,desserts,Carob Cupcakes with Cream Cheese Frosting,0.67,0.03,0.64,0.64,2133.3333333333335,True,16,1.8881557137733933,-1.1781726751562214,16,1,0,0,0,1,0,0,0,0,15,4,0,0.0,0,0,0,0,3,0,1,0,0,0,0,0.0,15,0.0,1,0
gpt_5_4_nano__reasoning_low,gpt_5_4_nano__reasoning_low.jsonl,low,21,snacks,Rice Cakes with Peanut Butter and Strawberries,0.24,0.16,0.07999999999999999,0.07999999999999999,49.999999999999986,True,10,1.8249614143949486,0.9781072905168067,16,1,0,0,0,1,0,0,0,0,3,3,0,0.0,0,0,0,0,2,0,1,0,0,0,0,0.0,3,0.0,1,0
gpt_5_4_nano__reasoning_low,gpt_5_4_nano__reasoning_low.jsonl,low,22,snacks,Avocado Toast with Feta,0.12,0.23,-0.11000000000000001,0.11000000000000001,47.82608695652174,True,4,1.920806446361266,0.923685978997025,14,1,0,0,0,1,0,0,0,0,3,3,0,0.0,0,0,0,0,2,0,1,0,0,0,0,0.0,3,0.0,0,1
gpt_5_4_nano__reasoning_low,gpt_5_4_nano__reasoning_low.jsonl,low,23,snacks,Trail Mix Snack,0.28,0.1,0.18000000000000002,0.18000000000000002,180.0,True,12,2.0306745619518236,0.8310750626797967,13,1,0,0,0,1,0,0,0,0,4,0,0,0.0,0,0,0,0,2,0,1,0,0,0,0,0.0,4,0.0,1,0
gpt_5_4_nano__reasoning_low,gpt_5_4_nano__reasoning_low.jsonl,low,24,snacks,Almond Butter Apple Snack,0.08,0.14,-0.06000000000000001,0.06000000000000001,42.85714285714286,True,4,1.9660781483422929,1.1126241708944276,14,1,0,0,0,1,0,0,0,0,2,2,0,0.0,0,0,0,0,2,0,1,0,0,0,0,0.0,2,0.0,0,1
gpt_5_4_nano__reasoning_low,gpt_5_4_nano__reasoning_low.jsonl,low,25,snacks,Hummus with Bell Pepper,0.25,0.14,0.10999999999999999,0.10999999999999999,78.57142857142856,True,11,1.8763679989235265,1.167644808755974,14,1,0,0,0,1,0,0,0,0,2,2,0,0.0,0,0,0,0,2,0,1,0,0,0,0,0.0,2,0.0,1,0
gpt_5_4_nano__reasoning_medium,gpt_5_4_nano__reasoning_medium.jsonl,medium,1,breakfast,Cranberry Carrot Muffins,,0.06,,0.03,50.0,True,2,2.2438176247823716,-1.2008455014739987,8,1,0,0,0,1,0,0,0,0,15,1,0,0.0,0,0,0,0,1,0,1,0,0,0,0,0.0,15,0.0,0,0
gpt_5_4_nano__reasoning_medium,gpt_5_4_nano__reasoning_medium.jsonl,medium,2,breakfast,Blueberry Banana Pancakes,,0.17,,0.03,17.64705882352941,True,2,2.1739195831685776,-0.48699869794478173,11,1,0,0,0,1,0,0,0,0,11,1,0,0.0,0,0,0,0,1,0,1,0,0,0,0,0.0,11,0.0,0,0
gpt_5_4_nano__reasoning_medium,gpt_5_4_nano__reasoning_medium.jsonl,medium,3,breakfast,"Cheesy Egg, Bacon & Broccoli Muffins",,0.08,,0.06000000000000001,75.00000000000001,True,2,2.287290778170361,-0.28371360642680654,7,1,0,0,0,1,0,0,0,0,10,2,0,0.0,0,0,0,0,0,0,0,0,0,0,0,0.0,10,0.0,0,0
gpt_5_4_nano__reasoning_medium,gpt_5_4_nano__reasoning_medium.jsonl,medium,9,anytime_meals,Pork Tenderloin with Dijon Gravy,,0.14,,0.010000000000000009,7.142857142857148,True,-1,1.9525753537122483,-1.569450824738488,6,1,0,0,0,0,0,0,0,0,10,2,0,0.0,0,0,0,0,0,0,0,0,0,0,0,0.0,10,0.0,0,0
gpt_5_4_nano__reasoning_medium,gpt_5_4_nano__reasoning_medium.jsonl,medium,14,anytime_meals,Apple-Celery Chicken Salad,0.07,0.1,-0.03,0.03,30.0,True,7,1.9817522505170584,-0.5160573507236399,14,1,0,0,0,1,0,0,0,0,11,4,0,0.0,0,0,0,0,2,0,1,0,0,0,0,0.0,11,0.0,0,1
gpt_5_4_nano__reasoning_medium,gpt_5_4_nano__reasoning_medium.jsonl,medium,15,anytime_meals,Harvest Crunch Kale & Chicken Salad,,0.19,,0.21999999999999997,115.7894736842105,True,2,2.177237110805677,-1.2116965714527,10,1,0,0,0,1,0,0,0,0,15,2,0,0.0,0,0,0,0,1,0,1,0,0,0,0,0.0,15,0.0,0,0
gpt_5_4_nano__reasoning_medium,gpt_5_4_nano__reasoning_medium.jsonl,medium,16,desserts,Citrus-Berry Ricotta Parfaits,0.07,0.1,-0.03,0.03,30.0,True,5,2.087219497563905,0.4081301214894997,14,1,0,0,0,1,0,0,0,0,6,1,0,0.0,0,0,0,0,2,0,1,0,0,0,0,0.0,6,0.0,0,1
gpt_5_4_nano__reasoning_medium,gpt_5_4_nano__reasoning_medium.jsonl,medium,19,desserts,Pumpkin Cinnamon Bars,0.041,0.06,-0.018999999999999996,0.018999999999999996,31.66666666666666,True,8,2.1208848840972387,-0.6739406485393508,13,1,0,0,0,1,0,0,0,0,12,2,0,0.0,0,0,0,0,2,0,1,0,0,0,0,0.0,12,0.0,0,1
gpt_5_4_nano__reasoning_medium,gpt_5_4_nano__reasoning_medium.jsonl,medium,21,snacks,Rice Cakes with Peanut Butter and Strawberries,0.48,0.16,0.31999999999999995,0.31999999999999995,199.99999999999994,True,10,1.8218939731211732,0.9778076273459242,17,1,0,0,0,1,0,0,0,0,3,3,0,0.0,0,0,0,0,2,0,1,0,0,0,0,0.0,3,0.0,1,0
gpt_5_4_nano__reasoning_medium,gpt_5_4_nano__reasoning_medium.jsonl,medium,22,snacks,Avocado Toast with Feta,0.1,0.23,-0.13,0.13,56.52173913043478,True,4,1.9238738876350412,0.9239856421679072,13,1,0,0,0,1,0,0,0,0,3,3,0,0.0,0,0,0,0,2,0,1,0,0,0,0,0.0,3,0.0,0,1
gpt_5_4_nano__reasoning_medium,gpt_5_4_nano__reasoning_medium.jsonl,medium,23,snacks,Trail Mix Snack,0.22,0.1,0.12,0.12,120.0,True,12,2.0306745619518236,0.8310750626797967,13,1,0,0,0,1,0,0,0,0,4,0,0,0.0,0,0,0,0,2,0,1,0,0,0,0,0.0,4,0.0,1,0
gpt_5_4_nano__reasoning_medium,gpt_5_4_nano__reasoning_medium.jsonl,medium,24,snacks,Almond Butter Apple Snack,0.21,0.14,0.06999999999999998,0.06999999999999998,49.99999999999998,True,11,1.8763679989235265,1.167644808755974,14,1,0,0,0,1,0,0,0,0,2,2,0,0.0,0,0,0,0,2,0,1,0,0,0,0,0.0,2,0.0,1,0
gpt_5_4_nano__reasoning_medium,gpt_5_4_nano__reasoning_medium.jsonl,medium,25,snacks,Hummus with Bell Pepper,0.1,0.14,-0.04000000000000001,0.04000000000000001,28.571428571428577,True,4,1.9660781483422929,1.1126241708944276,14,1,0,0,0,1,0,0,0,0,2,2,0,0.0,0,0,0,0,2,0,1,0,0,0,0,0.0,2,0.0,0,1
gpt_5_4_nano__reasoning_medium,gpt_5_4_nano__reasoning_medium.jsonl,medium,0,breakfast,Scrambled Egg & Black Bean Burritos,0.25,0.15,0.1,0.1,66.66666666666667,True,21,2.0703115541119486,-0.4305811451221666,15,1,0,0,0,1,0,0,0,0,11,1,0,0.0,0,0,0,0,2,0,1,0,0,0,0,0.0,11,0.0,1,0
gpt_5_4_nano__reasoning_medium,gpt_5_4_nano__reasoning_medium.jsonl,medium,4,breakfast,Glorious Green Smoothie Bowl,0.28,0.17,0.11000000000000001,0.11000000000000001,64.70588235294117,True,13,2.061022420848058,0.47370216615886473,13,1,0,0,0,1,0,0,0,0,6,0,0,0.0,0,0,0,0,2,0,1,0,0,0,0,0.0,6,0.0,1,0
gpt_5_4_nano__reasoning_medium,gpt_5_4_nano__reasoning_medium.jsonl,medium,5,anytime_meals,Sesame-Ginger Turkey Meatballs,0.29,0.04,0.24999999999999997,0.24999999999999997,624.9999999999999,True,18,1.998009520871787,-0.9868443140065551,14,1,0,0,0,1,0,0,0,0,14,3,0,0.0,0,0,0,0,2,0,1,0,0,0,0,0.0,14,0.0,1,0
gpt_5_4_nano__reasoning_medium,gpt_5_4_nano__reasoning_medium.jsonl,medium,6,anytime_meals,Chicken and Broccoli Piccata,0.21,0.13,0.07999999999999999,0.07999999999999999,61.53846153846153,True,18,1.998009520871787,-0.9868443140065551,14,1,0,0,0,1,0,0,0,0,14,3,0,0.0,0,0,0,0,2,0,1,0,0,0,0,0.0,14,0.0,1,0
gpt_5_4_nano__reasoning_medium,gpt_5_4_nano__reasoning_medium.jsonl,medium,7,anytime_meals,Chicken Fajitas with Lime Sauce,0.31,0.12,0.19,0.19,158.33333333333334,True,-1,1.9951921659613359,-1.712141513856238,15,1,0,0,0,1,0,0,0,0,18,4,0,0.0,0,0,0,0,2,0,1,0,0,0,0,0.0,18,0.0,1,0
gpt_5_4_nano__reasoning_medium,gpt_5_4_nano__reasoning_medium.jsonl,medium,8,anytime_meals,One-Pot Beef & Mushroom Lasagna,0.38,0.09,0.29000000000000004,0.29000000000000004,322.2222222222223,True,19,2.0402137815790384,-0.7982057852800352,15,1,0,0,0,1,0,0,0,0,13,2,0,0.0,0,0,0,0,2,0,1,0,0,0,0,0.0,13,0.0,1,0
gpt_5_4_nano__reasoning_medium,gpt_5_4_nano__reasoning_medium.jsonl,medium,10,anytime_meals,Fish Tacos with Crunchy Slaw,0.49,0.14,0.35,0.35,249.99999999999994,True,23,2.164422572074426,-1.5024001715140805,14,1,0,0,0,1,0,0,0,0,17,1,0,0.0,0,0,0,0,2,0,1,0,0,0,0,0.0,17,0.0,1,0
gpt_5_4_nano__reasoning_medium,gpt_5_4_nano__reasoning_medium.jsonl,medium,11,anytime_meals,Chicken Sausage Garden Pasta,0.32,0.04,0.28,0.28,700.0000000000001,True,14,1.742529413842103,0.0789115106621975,13,1,0,0,0,1,0,0,0,0,10,3,1,10.0,0,0,0,0,2,0,1,0,0,0,0,0.0,9,0.1,1,0
gpt_5_4_nano__reasoning_medium,gpt_5_4_nano__reasoning_medium.jsonl,medium,12,anytime_meals,Roasted Cauliflower Power Salad,0.31,0.12,0.19,0.19,158.33333333333334,True,22,2.1795965015225436,-1.6810866197745464,14,1,0,0,0,1,0,0,0,0,18,1,0,0.0,0,0,0,0,2,0,1,0,0,0,0,0.0,18,0.0,1,0
gpt_5_4_nano__reasoning_medium,gpt_5_4_nano__reasoning_medium.jsonl,medium,13,anytime_meals,Simple Greek Salad,0.13,0.12,0.010000000000000009,0.010000000000000009,8.333333333333341,True,24,2.1523160839000846,-1.323414060082732,13,1,0,0,0,1,0,0,0,0,16,1,0,0.0,0,0,0,0,2,0,1,0,0,0,0,0.0,16,0.0,1,0
gpt_5_4_nano__reasoning_medium,gpt_5_4_nano__reasoning_medium.jsonl,medium,17,desserts,Crispy Rice Cereal Treats,0.031,0.02,0.011,0.011,54.99999999999999,True,13,1.9975093481451383,0.463150759351046,14,1,0,0,0,1,0,0,0,0,6,1,0,0.0,0,0,0,0,2,0,1,0,0,0,0,0.0,6,0.0,1,0
gpt_5_4_nano__reasoning_medium,gpt_5_4_nano__reasoning_medium.jsonl,medium,18,desserts,Carob Chip Cranberry Cookies,0.061,0.03,0.031,0.031,103.33333333333334,True,20,2.088552924833841,-0.6089679302117503,14,1,0,0,0,1,0,0,0,0,12,1,0,0.0,0,0,0,0,2,0,1,0,0,0,0,0.0,12,0.0,1,0
gpt_5_4_nano__reasoning_medium,gpt_5_4_nano__reasoning_medium.jsonl,medium,20,desserts,Carob Cupcakes with Cream Cheese Frosting,0.04,0.03,0.010000000000000002,0.010000000000000002,33.33333333333334,True,16,1.8881557137733933,-1.1781726751562214,16,1,0,0,0,1,0,0,0,0,15,4,0,0.0,0,0,0,0,3,0,1,0,0,0,0,0.0,15,0.0,1,0
gpt_5_4_nano__reasoning_medium,gpt_5_4_nano__reasoning_medium.jsonl,medium,1,breakfast,Cranberry Carrot Muffins,0.09,0.06,0.03,0.03,50.0,True,25,2.140209595725743,-1.1444279486513835,12,1,0,0,0,1,0,0,0,0,15,1,0,0.0,0,0,0,0,2,0,1,0,0,0,0,0.0,15,0.0,1,0
gpt_5_4_nano__reasoning_medium,gpt_5_4_nano__reasoning_medium.jsonl,medium,2,breakfast,Blueberry Banana Pancakes,0.2,0.17,0.03,0.03,17.64705882352941,True,21,2.0764464366594995,-0.42998181878040187,13,1,0,0,0,1,0,0,0,0,11,1,0,0.0,0,0,0,0,2,0,1,0,0,0,0,0.0,11,0.0,1,0
gpt_5_4_nano__reasoning_medium,gpt_5_4_nano__reasoning_medium.jsonl,medium,3,breakfast,"Cheesy Egg, Bacon & Broccoli Muffins",0.14,0.08,0.06000000000000001,0.06000000000000001,75.00000000000001,True,17,1.9977594345084626,-0.26184677732775463,14,1,0,0,0,1,0,0,0,0,10,2,0,0.0,0,0,0,0,2,0,1,0,0,0,0,0.0,10,0.0,1,0
gpt_5_4_nano__reasoning_medium,gpt_5_4_nano__reasoning_medium.jsonl,medium,9,anytime_meals,Pork Tenderloin with Dijon Gravy,0.13,0.14,-0.010000000000000009,0.010000000000000009,7.142857142857148,True,9,2.084402142653454,-0.3171670783601833,15,1,0,0,0,1,0,0,0,0,10,2,0,0.0,0,0,0,0,2,0,1,0,0,0,0,0.0,10,0.0,0,1
gpt_5_4_nano__reasoning_medium,gpt_5_4_nano__reasoning_medium.jsonl,medium,15,anytime_meals,Harvest Crunch Kale & Chicken Salad,0.41,0.19,0.21999999999999997,0.21999999999999997,115.7894736842105,True,25,2.0705616404752725,-1.155578681800967,15,1,0,0,0,1,0,0,0,0,15,2,0,0.0,0,0,0,0,2,0,1,0,0,0,0,0.0,15,0.0,1,0
gpt_5_4_pro__reasoning_high,gpt_5_4_pro__reasoning_high.jsonl,high,22,snacks,Avocado Toast with Feta,0.12,0.23,-0.11000000000000001,0.11000000000000001,47.82608695652174,True,4,1.9238738876350412,0.9239856421679072,13,1,0,0,0,1,0,0,0,0,3,3,0,0.0,0,0,0,0,2,0,1,0,0,0,0,0.0,3,0.0,0,1
gpt_5_4_pro__reasoning_high,gpt_5_4_pro__reasoning_high.jsonl,high,24,snacks,Almond Butter Apple Snack,0.22,0.14,0.07999999999999999,0.07999999999999999,57.14285714285713,True,11,1.8794354401973017,1.1679444719268564,13,1,0,0,0,1,0,0,0,0,2,2,0,0.0,0,0,0,0,2,0,1,0,0,0,0,0.0,2,0.0,1,0
gpt_5_4_pro__reasoning_high,gpt_5_4_pro__reasoning_high.jsonl,high,25,snacks,Hummus with Bell Pepper,0.19,0.14,0.04999999999999999,0.04999999999999999,35.7142857142857,True,11,1.8794354401973017,1.1679444719268564,13,1,0,0,0,1,0,0,0,0,2,2,0,0.0,0,0,0,0,2,0,1,0,0,0,0,0.0,2,0.0,1,0
gpt_5_4_pro__reasoning_high,gpt_5_4_pro__reasoning_high.jsonl,high,0,breakfast,Scrambled Egg & Black Bean Burritos,0.17,0.15,0.020000000000000018,0.020000000000000018,13.333333333333346,True,15,1.8853523292931071,-0.09920058215491631,14,1,0,0,0,1,0,0,0,0,11,1,1,9.090909090909092,0,0,0,0,2,0,1,0,0,0,0,0.0,10,0.09090909090909091,1,0
gpt_5_4_pro__reasoning_high,gpt_5_4_pro__reasoning_high.jsonl,high,1,breakfast,Cranberry Carrot Muffins,0.06,0.06,0.0,0.0,0.0,True,2,2.173100637117454,-1.2038349970680275,12,1,0,0,0,1,0,0,0,0,15,1,0,0.0,0,0,0,0,2,0,1,0,0,0,0,0.0,15,0.0,0,0
gpt_5_4_pro__reasoning_high,gpt_5_4_pro__reasoning_high.jsonl,high,2,breakfast,Blueberry Banana Pancakes,0.21,0.17,0.03999999999999998,0.03999999999999998,23.52941176470587,True,15,1.891487211840658,-0.09860125581315157,12,1,0,0,0,1,0,0,0,0,11,1,1,9.090909090909092,0,0,0,0,2,0,1,0,0,0,0,0.0,10,0.09090909090909091,1,0
gpt_5_4_pro__reasoning_high,gpt_5_4_pro__reasoning_high.jsonl,high,3,breakfast,"Cheesy Egg, Bacon & Broccoli Muffins",0.093,0.08,0.012999999999999998,0.012999999999999998,16.249999999999996,True,17,1.9977594345084626,-0.26184677732775463,14,1,0,0,0,1,0,0,0,0,10,2,0,0.0,0,0,0,0,2,0,1,0,0,0,0,0.0,10,0.0,1,0
gpt_5_4_pro__reasoning_high,gpt_5_4_pro__reasoning_high.jsonl,high,4,breakfast,Glorious Green Smoothie Bowl,0.17,0.17,0.0,0.0,0.0,True,2,2.0939134622397693,0.41429511774222083,13,1,0,0,0,1,0,0,0,0,6,0,0,0.0,0,0,0,0,2,0,1,0,0,0,0,0.0,6,0.0,0,0
gpt_5_4_pro__reasoning_high,gpt_5_4_pro__reasoning_high.jsonl,high,5,anytime_meals,Sesame-Ginger Turkey Meatballs,0.12,0.04,0.07999999999999999,0.07999999999999999,199.99999999999994,True,-1,1.5001587351286911,-0.11949139282995733,13,1,0,0,0,1,0,0,0,0,14,3,3,21.428571428571427,0,0,0,0,2,0,1,0,0,0,0,0.0,11,0.21428571428571427,1,0
gpt_5_4_pro__reasoning_high,gpt_5_4_pro__reasoning_high.jsonl,high,6,anytime_meals,Chicken and Broccoli Piccata,0.13,0.13,0.0,0.0,0.0,True,2,2.033968003537274,-1.0459516992523166,13,1,0,0,0,1,0,0,0,0,14,3,0,0.0,0,0,0,0,2,0,1,0,0,0,0,0.0,14,0.0,0,0
gpt_5_4_pro__reasoning_high,gpt_5_4_pro__reasoning_high.jsonl,high,7,anytime_meals,Chicken Fajitas with Lime Sauce,0.18,0.12,0.06,0.06,50.0,True,-1,1.9982596072351113,-1.7118418506853557,14,1,0,0,0,1,0,0,0,0,18,4,0,0.0,0,0,0,0,2,0,1,0,0,0,0,0.0,18,0.0,1,0
gpt_5_4_pro__reasoning_high,gpt_5_4_pro__reasoning_high.jsonl,high,8,anytime_meals,One-Pot Beef & Mushroom Lasagna,0.42,0.09,0.32999999999999996,0.32999999999999996,366.66666666666663,True,-1,1.6974591658010405,-0.19614268762299586,14,1,0,0,0,1,0,0,0,0,13,2,2,15.384615384615385,0,0,0,0,2,0,1,0,0,0,0,0.0,11,0.15384615384615385,1,0
gpt_5_4_pro__reasoning_high,gpt_5_4_pro__reasoning_high.jsonl,high,9,anytime_meals,Pork Tenderloin with Dijon Gravy,0.1,0.14,-0.04000000000000001,0.04000000000000001,28.571428571428577,True,3,1.691765922905247,0.3845533217227114,14,1,0,0,0,1,0,0,0,0,10,2,2,20.0,0,0,0,0,2,0,1,0,0,0,0,0.0,8,0.2,0,1
gpt_5_4_pro__reasoning_high,gpt_5_4_pro__reasoning_high.jsonl,high,10,anytime_meals,Fish Tacos with Crunchy Slaw,0.24,0.14,0.09999999999999998,0.09999999999999998,71.4285714285714,True,-1,2.01107295687019,-1.2405997493399648,14,1,0,0,0,1,0,0,0,0,17,1,1,5.88235294117647,0,0,0,0,2,0,1,0,0,0,0,0.0,16,0.058823529411764705,1,0
gpt_5_4_pro__reasoning_high,gpt_5_4_pro__reasoning_high.jsonl,high,11,anytime_meals,Chicken Sausage Garden Pasta,0.26,0.04,0.22,0.22,550.0,True,14,1.742529413842103,0.0789115106621975,13,1,0,0,0,1,0,0,0,0,10,3,1,10.0,0,0,0,0,2,0,1,0,0,0,0,0.0,9,0.1,1,0
gpt_5_4_pro__reasoning_high,gpt_5_4_pro__reasoning_high.jsonl,high,12,anytime_meals,Roasted Cauliflower Power Salad,0.26,0.12,0.14,0.14,116.66666666666667,True,-1,2.032846249441825,-1.4260428793725557,13,1,0,0,0,1,0,0,0,0,18,1,1,5.555555555555555,0,0,0,0,2,0,1,0,0,0,0,0.0,17,0.05555555555555555,1,0
gpt_5_4_pro__reasoning_high,gpt_5_4_pro__reasoning_high.jsonl,high,13,anytime_meals,Simple Greek Salad,0.16,0.12,0.04000000000000001,0.04000000000000001,33.33333333333334,True,24,2.15538352517386,-1.3231143969118495,12,1,0,0,0,1,0,0,0,0,16,1,0,0.0,0,0,0,0,2,0,1,0,0,0,0,0.0,16,0.0,1,0
gpt_5_4_pro__reasoning_high,gpt_5_4_pro__reasoning_high.jsonl,high,14,anytime_meals,Apple-Celery Chicken Salad,0.055,0.1,-0.045000000000000005,0.045000000000000005,45.0,True,7,1.9848196917908338,-0.5157576875527575,13,1,0,0,0,1,0,0,0,0,11,4,0,0.0,0,0,0,0,2,0,1,0,0,0,0,0.0,11,0.0,0,1
gpt_5_4_pro__reasoning_high,gpt_5_4_pro__reasoning_high.jsonl,high,15,anytime_meals,Harvest Crunch Kale & Chicken Salad,0.21,0.19,0.01999999999999999,0.01999999999999999,10.52631578947368,True,25,2.073629081749048,-1.1552790186300848,14,1,0,0,0,1,0,0,0,0,15,2,0,0.0,0,0,0,0,2,0,1,0,0,0,0,0.0,15,0.0,1,0
gpt_5_4_pro__reasoning_high,gpt_5_4_pro__reasoning_high.jsonl,high,16,desserts,Citrus-Berry Ricotta Parfaits,0.09,0.1,-0.010000000000000009,0.010000000000000009,10.000000000000009,True,5,2.0902869388376804,0.40842978466038204,13,1,0,0,0,1,0,0,0,0,6,1,0,0.0,0,0,0,0,2,0,1,0,0,0,0,0.0,6,0.0,0,1
gpt_5_4_pro__reasoning_high,gpt_5_4_pro__reasoning_high.jsonl,high,17,desserts,Crispy Rice Cereal Treats,0.02,0.02,0.0,0.0,0.0,True,2,1.7635647945648882,0.8987031793986374,13,1,0,0,0,1,0,0,0,0,6,1,1,16.666666666666664,0,0,0,0,2,0,1,0,0,0,0,0.0,5,0.16666666666666666,0,0
gpt_5_4_pro__reasoning_high,gpt_5_4_pro__reasoning_high.jsonl,high,18,desserts,Carob Chip Cranberry Cookies,0.031,0.03,0.0010000000000000009,0.0010000000000000009,3.3333333333333366,True,15,1.9117813370303116,-0.29394525779419844,13,1,0,0,0,1,0,0,0,0,12,1,1,8.333333333333332,0,0,0,0,2,0,1,0,0,0,0,0.0,11,0.08333333333333333,1,0
gpt_5_4_pro__reasoning_high,gpt_5_4_pro__reasoning_high.jsonl,high,19,desserts,Pumpkin Cinnamon Bars,0.045,0.06,-0.015,0.015,25.0,True,8,2.123952325371014,-0.6736409853684684,12,1,0,0,0,1,0,0,0,0,12,2,0,0.0,0,0,0,0,2,0,1,0,0,0,0,0.0,12,0.0,0,1
gpt_5_4_pro__reasoning_high,gpt_5_4_pro__reasoning_high.jsonl,high,20,desserts,Carob Cupcakes with Cream Cheese Frosting,0.037,0.03,0.006999999999999999,0.006999999999999999,23.333333333333332,True,16,1.8912231550471685,-1.1778730119853391,15,1,0,0,0,1,0,0,0,0,15,4,0,0.0,0,0,0,0,3,0,1,0,0,0,0,0.0,15,0.0,1,0
gpt_5_4_pro__reasoning_high,gpt_5_4_pro__reasoning_high.jsonl,high,21,snacks,Rice Cakes with Peanut Butter and Strawberries,0.22,0.16,0.06,0.06,37.5,True,10,1.8249614143949486,0.9781072905168067,16,1,0,0,0,1,0,0,0,0,3,3,0,0.0,0,0,0,0,2,0,1,0,0,0,0,0.0,3,0.0,1,0
gpt_5_4_pro__reasoning_high,gpt_5_4_pro__reasoning_high.jsonl,high,23,snacks,Trail Mix Snack,0.16,0.1,0.06,0.06,60.0,True,12,2.033742003225599,0.8313747258506792,12,1,0,0,0,1,0,0,0,0,4,0,0,0.0,0,0,0,0,2,0,1,0,0,0,0,0.0,4,0.0,1,0
gpt_5_5__reasoning_high,gpt_5_5__reasoning_high.jsonl,high,2,breakfast,Blueberry Banana Pancakes,0.23,0.17,0.06,0.06,35.29411764705882,True,21,2.079513877933275,-0.4296821556095195,12,1,0,0,0,1,0,0,0,0,11,1,0,0.0,0,0,0,0,2,0,1,0,0,0,0,0.0,11,0.0,1,0
gpt_5_5__reasoning_high,gpt_5_5__reasoning_high.jsonl,high,4,breakfast,Glorious Green Smoothie Bowl,0.18,0.17,0.009999999999999981,0.009999999999999981,5.8823529411764595,True,13,2.061022420848058,0.47370216615886473,13,1,0,0,0,1,0,0,0,0,6,0,0,0.0,0,0,0,0,2,0,1,0,0,0,0,0.0,6,0.0,1,0
gpt_5_5__reasoning_high,gpt_5_5__reasoning_high.jsonl,high,14,anytime_meals,Apple-Celery Chicken Salad,0.05,0.1,-0.05,0.05,50.0,True,7,1.9848196917908338,-0.5157576875527575,13,1,0,0,0,1,0,0,0,0,11,4,0,0.0,0,0,0,0,2,0,1,0,0,0,0,0.0,11,0.0,0,1
gpt_5_5__reasoning_high,gpt_5_5__reasoning_high.jsonl,high,19,desserts,Pumpkin Cinnamon Bars,0.045,0.06,-0.015,0.015,25.0,True,8,2.123952325371014,-0.6736409853684684,12,1,0,0,0,1,0,0,0,0,12,2,0,0.0,0,0,0,0,2,0,1,0,0,0,0,0.0,12,0.0,0,1
gpt_5_5__reasoning_high,gpt_5_5__reasoning_high.jsonl,high,21,snacks,Rice Cakes with Peanut Butter and Strawberries,0.25,0.16,0.09,0.09,56.25,True,10,1.8249614143949486,0.9781072905168067,16,1,0,0,0,1,0,0,0,0,3,3,0,0.0,0,0,0,0,2,0,1,0,0,0,0,0.0,3,0.0,1,0
gpt_5_5__reasoning_high,gpt_5_5__reasoning_high.jsonl,high,22,snacks,Avocado Toast with Feta,0.14,0.23,-0.09,0.09,39.13043478260869,True,4,1.9238738876350412,0.9239856421679072,13,1,0,0,0,1,0,0,0,0,3,3,0,0.0,0,0,0,0,2,0,1,0,0,0,0,0.0,3,0.0,0,1
gpt_5_5__reasoning_high,gpt_5_5__reasoning_high.jsonl,high,24,snacks,Almond Butter Apple Snack,0.2,0.14,0.06,0.06,42.85714285714285,True,11,1.8794354401973017,1.1679444719268564,13,1,0,0,0,1,0,0,0,0,2,2,0,0.0,0,0,0,0,2,0,1,0,0,0,0,0.0,2,0.0,1,0
gpt_5_5__reasoning_high,gpt_5_5__reasoning_high.jsonl,high,0,breakfast,Scrambled Egg & Black Bean Burritos,0.17,0.15,0.020000000000000018,0.020000000000000018,13.333333333333346,True,21,2.073378995385724,-0.43028148195128424,14,1,0,0,0,1,0,0,0,0,11,1,0,0.0,0,0,0,0,2,0,1,0,0,0,0,0.0,11,0.0,1,0
gpt_5_5__reasoning_high,gpt_5_5__reasoning_high.jsonl,high,1,breakfast,Cranberry Carrot Muffins,0.058,0.06,-0.001999999999999995,0.001999999999999995,3.333333333333325,True,6,2.2299197451445094,-1.19944858651293,12,1,0,0,0,1,0,0,0,0,15,1,0,0.0,0,0,0,0,2,0,1,0,0,0,0,0.0,15,0.0,0,1
gpt_5_5__reasoning_high,gpt_5_5__reasoning_high.jsonl,high,3,breakfast,"Cheesy Egg, Bacon & Broccoli Muffins",0.095,0.08,0.015,0.015,18.75,True,17,1.9977594345084626,-0.26184677732775463,14,1,0,0,0,1,0,0,0,0,10,2,0,0.0,0,0,0,0,2,0,1,0,0,0,0,0.0,10,0.0,1,0
gpt_5_5__reasoning_high,gpt_5_5__reasoning_high.jsonl,high,5,anytime_meals,Sesame-Ginger Turkey Meatballs,0.12,0.04,0.07999999999999999,0.07999999999999999,199.99999999999994,True,18,2.0010769621455626,-0.9865446508356727,13,1,0,0,0,1,0,0,0,0,14,3,0,0.0,0,0,0,0,2,0,1,0,0,0,0,0.0,14,0.0,1,0
gpt_5_5__reasoning_high,gpt_5_5__reasoning_high.jsonl,high,6,anytime_meals,Chicken and Broccoli Piccata,0.13,0.13,0.0,0.0,0.0,True,2,2.033968003537274,-1.0459516992523166,13,1,0,0,0,1,0,0,0,0,14,3,0,0.0,0,0,0,0,2,0,1,0,0,0,0,0.0,14,0.0,0,0
gpt_5_5__reasoning_high,gpt_5_5__reasoning_high.jsonl,high,7,anytime_meals,Chicken Fajitas with Lime Sauce,0.21,0.12,0.09,0.09,75.0,True,-1,1.9982596072351113,-1.7118418506853557,14,1,0,0,0,1,0,0,0,0,18,4,0,0.0,0,0,0,0,2,0,1,0,0,0,0,0.0,18,0.0,1,0
gpt_5_5__reasoning_high,gpt_5_5__reasoning_high.jsonl,high,8,anytime_meals,One-Pot Beef & Mushroom Lasagna,0.43,0.09,0.33999999999999997,0.33999999999999997,377.77777777777777,True,19,2.043281222852814,-0.7979061221091528,14,1,0,0,0,1,0,0,0,0,13,2,0,0.0,0,0,0,0,2,0,1,0,0,0,0,0.0,13,0.0,1,0
gpt_5_5__reasoning_high,gpt_5_5__reasoning_high.jsonl,high,9,anytime_meals,Pork Tenderloin with Dijon Gravy,0.1,0.14,-0.04000000000000001,0.04000000000000001,28.571428571428577,True,9,2.0874695839272293,-0.31686741518930095,14,1,0,0,0,1,0,0,0,0,10,2,0,0.0,0,0,0,0,2,0,1,0,0,0,0,0.0,10,0.0,0,1
gpt_5_5__reasoning_high,gpt_5_5__reasoning_high.jsonl,high,10,anytime_meals,Fish Tacos with Crunchy Slaw,0.24,0.14,0.09999999999999998,0.09999999999999998,71.4285714285714,True,23,2.164422572074426,-1.5024001715140805,14,1,0,0,0,1,0,0,0,0,17,1,0,0.0,0,0,0,0,2,0,1,0,0,0,0,0.0,17,0.0,1,0
gpt_5_5__reasoning_high,gpt_5_5__reasoning_high.jsonl,high,11,anytime_meals,Chicken Sausage Garden Pasta,0.32,0.04,0.28,0.28,700.0000000000001,True,14,1.742529413842103,0.0789115106621975,13,1,0,0,0,1,0,0,0,0,10,3,1,10.0,0,0,0,0,2,0,1,0,0,0,0,0.0,9,0.1,1,0
gpt_5_5__reasoning_high,gpt_5_5__reasoning_high.jsonl,high,12,anytime_meals,Roasted Cauliflower Power Salad,0.26,0.12,0.14,0.14,116.66666666666667,True,22,2.1826639427963186,-1.680786956603664,13,1,0,0,0,1,0,0,0,0,18,1,0,0.0,0,0,0,0,2,0,1,0,0,0,0,0.0,18,0.0,1,0
gpt_5_5__reasoning_high,gpt_5_5__reasoning_high.jsonl,high,13,anytime_meals,Simple Greek Salad,0.18,0.12,0.06,0.06,50.0,True,24,2.15538352517386,-1.3231143969118495,12,1,0,0,0,1,0,0,0,0,16,1,0,0.0,0,0,0,0,2,0,1,0,0,0,0,0.0,16,0.0,1,0
gpt_5_5__reasoning_high,gpt_5_5__reasoning_high.jsonl,high,15,anytime_meals,Harvest Crunch Kale & Chicken Salad,0.18,0.19,-0.010000000000000009,0.010000000000000009,5.263157894736847,True,6,2.1633392311678143,-1.2102996564916313,14,1,0,0,0,1,0,0,0,0,15,2,0,0.0,0,0,0,0,2,0,1,0,0,0,0,0.0,15,0.0,0,1
gpt_5_5__reasoning_high,gpt_5_5__reasoning_high.jsonl,high,16,desserts,Citrus-Berry Ricotta Parfaits,0.095,0.1,-0.0050000000000000044,0.0050000000000000044,5.000000000000004,True,5,2.0902869388376804,0.40842978466038204,13,1,0,0,0,1,0,0,0,0,6,1,0,0.0,0,0,0,0,2,0,1,0,0,0,0,0.0,6,0.0,0,1
gpt_5_5__reasoning_high,gpt_5_5__reasoning_high.jsonl,high,17,desserts,Crispy Rice Cereal Treats,0.042,0.02,0.022000000000000002,0.022000000000000002,110.00000000000001,True,13,2.000576789418914,0.46345042252192836,13,1,0,0,0,1,0,0,0,0,6,1,0,0.0,0,0,0,0,2,0,1,0,0,0,0,0.0,6,0.0,1,0
gpt_5_5__reasoning_high,gpt_5_5__reasoning_high.jsonl,high,18,desserts,Carob Chip Cranberry Cookies,0.052,0.03,0.022,0.022,73.33333333333333,True,20,2.0916203661076165,-0.608668267040868,13,1,0,0,0,1,0,0,0,0,12,1,0,0.0,0,0,0,0,2,0,1,0,0,0,0,0.0,12,0.0,1,0
gpt_5_5__reasoning_high,gpt_5_5__reasoning_high.jsonl,high,20,desserts,Carob Cupcakes with Cream Cheese Frosting,0.041,0.03,0.011000000000000003,0.011000000000000003,36.66666666666668,True,16,1.8912231550471685,-1.1778730119853391,15,1,0,0,0,1,0,0,0,0,15,4,0,0.0,0,0,0,0,3,0,1,0,0,0,0,0.0,15,0.0,1,0
gpt_5_5__reasoning_high,gpt_5_5__reasoning_high.jsonl,high,23,snacks,Trail Mix Snack,0.17,0.1,0.07,0.07,70.0,True,12,2.033742003225599,0.8313747258506792,12,1,0,0,0,1,0,0,0,0,4,0,0,0.0,0,0,0,0,2,0,1,0,0,0,0,0.0,4,0.0,1,0
gpt_5_5__reasoning_high,gpt_5_5__reasoning_high.jsonl,high,25,snacks,Hummus with Bell Pepper,0.16,0.14,0.01999999999999999,0.01999999999999999,14.285714285714276,True,11,1.8794354401973017,1.1679444719268564,13,1,0,0,0,1,0,0,0,0,2,2,0,0.0,0,0,0,0,2,0,1,0,0,0,0,0.0,2,0.0,1,0
gpt_5_5__reasoning_low,gpt_5_5__reasoning_low.jsonl,low,0,breakfast,Scrambled Egg & Black Bean Burritos,0.18,0.15,0.03,0.03,20.0,True,21,2.073378995385724,-0.43028148195128424,14,1,0,0,0,1,0,0,0,0,11,1,0,0.0,0,0,0,0,2,0,1,0,0,0,0,0.0,11,0.0,1,0
gpt_5_5__reasoning_low,gpt_5_5__reasoning_low.jsonl,low,1,breakfast,Cranberry Carrot Muffins,0.05,0.06,-0.009999999999999995,0.009999999999999995,16.66666666666666,True,6,2.2299197451445094,-1.19944858651293,12,1,0,0,0,1,0,0,0,0,15,1,0,0.0,0,0,0,0,2,0,1,0,0,0,0,0.0,15,0.0,0,1
gpt_5_5__reasoning_low,gpt_5_5__reasoning_low.jsonl,low,2,breakfast,Blueberry Banana Pancakes,0.21,0.17,0.03999999999999998,0.03999999999999998,23.52941176470587,True,21,2.079513877933275,-0.4296821556095195,12,1,0,0,0,1,0,0,0,0,11,1,0,0.0,0,0,0,0,2,0,1,0,0,0,0,0.0,11,0.0,1,0
gpt_5_5__reasoning_low,gpt_5_5__reasoning_low.jsonl,low,3,breakfast,"Cheesy Egg, Bacon & Broccoli Muffins",0.1,0.08,0.020000000000000004,0.020000000000000004,25.000000000000007,True,17,1.9977594345084626,-0.26184677732775463,14,1,0,0,0,1,0,0,0,0,10,2,0,0.0,0,0,0,0,2,0,1,0,0,0,0,0.0,10,0.0,1,0
gpt_5_5__reasoning_low,gpt_5_5__reasoning_low.jsonl,low,4,breakfast,Glorious Green Smoothie Bowl,0.22,0.17,0.04999999999999999,0.04999999999999999,29.411764705882344,True,13,2.061022420848058,0.47370216615886473,13,1,0,0,0,1,0,0,0,0,6,0,0,0.0,0,0,0,0,2,0,1,0,0,0,0,0.0,6,0.0,1,0
gpt_5_5__reasoning_low,gpt_5_5__reasoning_low.jsonl,low,5,anytime_meals,Sesame-Ginger Turkey Meatballs,0.09,0.04,0.049999999999999996,0.049999999999999996,124.99999999999997,True,18,2.0010769621455626,-0.9865446508356727,13,1,0,0,0,1,0,0,0,0,14,3,0,0.0,0,0,0,0,2,0,1,0,0,0,0,0.0,14,0.0,1,0
gpt_5_5__reasoning_low,gpt_5_5__reasoning_low.jsonl,low,6,anytime_meals,Chicken and Broccoli Piccata,0.12,0.13,-0.010000000000000009,0.010000000000000009,7.692307692307699,True,6,2.090787111564329,-1.041565288697219,13,1,0,0,0,1,0,0,0,0,14,3,0,0.0,0,0,0,0,2,0,1,0,0,0,0,0.0,14,0.0,0,1
gpt_5_5__reasoning_low,gpt_5_5__reasoning_low.jsonl,low,7,anytime_meals,Chicken Fajitas with Lime Sauce,0.19,0.12,0.07,0.07,58.333333333333336,True,-1,1.9982596072351113,-1.7118418506853557,14,1,0,0,0,1,0,0,0,0,18,4,0,0.0,0,0,0,0,2,0,1,0,0,0,0,0.0,18,0.0,1,0
gpt_5_5__reasoning_low,gpt_5_5__reasoning_low.jsonl,low,8,anytime_meals,One-Pot Beef & Mushroom Lasagna,0.45,0.09,0.36,0.36,400.0,True,19,2.043281222852814,-0.7979061221091528,14,1,0,0,0,1,0,0,0,0,13,2,0,0.0,0,0,0,0,2,0,1,0,0,0,0,0.0,13,0.0,1,0
gpt_5_5__reasoning_low,gpt_5_5__reasoning_low.jsonl,low,9,anytime_meals,Pork Tenderloin with Dijon Gravy,0.09,0.14,-0.05000000000000002,0.05000000000000002,35.71428571428572,True,9,2.0874695839272293,-0.31686741518930095,14,1,0,0,0,1,0,0,0,0,10,2,0,0.0,0,0,0,0,2,0,1,0,0,0,0,0.0,10,0.0,0,1
gpt_5_5__reasoning_low,gpt_5_5__reasoning_low.jsonl,low,10,anytime_meals,Fish Tacos with Crunchy Slaw,0.23,0.14,0.09,0.09,64.28571428571428,True,23,2.164422572074426,-1.5024001715140805,14,1,0,0,0,1,0,0,0,0,17,1,0,0.0,0,0,0,0,2,0,1,0,0,0,0,0.0,17,0.0,1,0
gpt_5_5__reasoning_low,gpt_5_5__reasoning_low.jsonl,low,11,anytime_meals,Chicken Sausage Garden Pasta,0.31,0.04,0.27,0.27,675.0,True,14,1.742529413842103,0.0789115106621975,13,1,0,0,0,1,0,0,0,0,10,3,1,10.0,0,0,0,0,2,0,1,0,0,0,0,0.0,9,0.1,1,0
gpt_5_5__reasoning_low,gpt_5_5__reasoning_low.jsonl,low,12,anytime_meals,Roasted Cauliflower Power Salad,0.23,0.12,0.11000000000000001,0.11000000000000001,91.66666666666669,True,22,2.1826639427963186,-1.680786956603664,13,1,0,0,0,1,0,0,0,0,18,1,0,0.0,0,0,0,0,2,0,1,0,0,0,0,0.0,18,0.0,1,0
gpt_5_5__reasoning_low,gpt_5_5__reasoning_low.jsonl,low,13,anytime_meals,Simple Greek Salad,0.15,0.12,0.03,0.03,25.0,True,24,2.15538352517386,-1.3231143969118495,12,1,0,0,0,1,0,0,0,0,16,1,0,0.0,0,0,0,0,2,0,1,0,0,0,0,0.0,16,0.0,1,0
gpt_5_5__reasoning_low,gpt_5_5__reasoning_low.jsonl,low,14,anytime_meals,Apple-Celery Chicken Salad,0.05,0.1,-0.05,0.05,50.0,True,7,1.9848196917908338,-0.5157576875527575,13,1,0,0,0,1,0,0,0,0,11,4,0,0.0,0,0,0,0,2,0,1,0,0,0,0,0.0,11,0.0,0,1
gpt_5_5__reasoning_low,gpt_5_5__reasoning_low.jsonl,low,15,anytime_meals,Harvest Crunch Kale & Chicken Salad,0.21,0.19,0.01999999999999999,0.01999999999999999,10.52631578947368,True,25,2.073629081749048,-1.1552790186300848,14,1,0,0,0,1,0,0,0,0,15,2,0,0.0,0,0,0,0,2,0,1,0,0,0,0,0.0,15,0.0,1,0
gpt_5_5__reasoning_low,gpt_5_5__reasoning_low.jsonl,low,16,desserts,Citrus-Berry Ricotta Parfaits,0.095,0.1,-0.0050000000000000044,0.0050000000000000044,5.000000000000004,True,5,2.0902869388376804,0.40842978466038204,13,1,0,0,0,1,0,0,0,0,6,1,0,0.0,0,0,0,0,2,0,1,0,0,0,0,0.0,6,0.0,0,1
gpt_5_5__reasoning_low,gpt_5_5__reasoning_low.jsonl,low,17,desserts,Crispy Rice Cereal Treats,0.03,0.02,0.009999999999999998,0.009999999999999998,49.999999999999986,True,13,2.000576789418914,0.46345042252192836,13,1,0,0,0,1,0,0,0,0,6,1,0,0.0,0,0,0,0,2,0,1,0,0,0,0,0.0,6,0.0,1,0
gpt_5_5__reasoning_low,gpt_5_5__reasoning_low.jsonl,low,18,desserts,Carob Chip Cranberry Cookies,0.048,0.03,0.018000000000000002,0.018000000000000002,60.00000000000001,True,20,2.0916203661076165,-0.608668267040868,13,1,0,0,0,1,0,0,0,0,12,1,0,0.0,0,0,0,0,2,0,1,0,0,0,0,0.0,12,0.0,1,0
gpt_5_5__reasoning_low,gpt_5_5__reasoning_low.jsonl,low,19,desserts,Pumpkin Cinnamon Bars,0.05,0.06,-0.009999999999999995,0.009999999999999995,16.66666666666666,True,8,2.123952325371014,-0.6736409853684684,12,1,0,0,0,1,0,0,0,0,12,2,0,0.0,0,0,0,0,2,0,1,0,0,0,0,0.0,12,0.0,0,1
gpt_5_5__reasoning_low,gpt_5_5__reasoning_low.jsonl,low,20,desserts,Carob Cupcakes with Cream Cheese Frosting,0.04,0.03,0.010000000000000002,0.010000000000000002,33.33333333333334,True,16,1.8912231550471685,-1.1778730119853391,15,1,0,0,0,1,0,0,0,0,15,4,0,0.0,0,0,0,0,3,0,1,0,0,0,0,0.0,15,0.0,1,0
gpt_5_5__reasoning_low,gpt_5_5__reasoning_low.jsonl,low,21,snacks,Rice Cakes with Peanut Butter and Strawberries,0.2,0.16,0.04000000000000001,0.04000000000000001,25.000000000000007,True,10,1.8249614143949486,0.9781072905168067,16,1,0,0,0,1,0,0,0,0,3,3,0,0.0,0,0,0,0,2,0,1,0,0,0,0,0.0,3,0.0,1,0
gpt_5_5__reasoning_low,gpt_5_5__reasoning_low.jsonl,low,22,snacks,Avocado Toast with Feta,0.13,0.23,-0.1,0.1,43.47826086956522,True,4,1.9238738876350412,0.9239856421679072,13,1,0,0,0,1,0,0,0,0,3,3,0,0.0,0,0,0,0,2,0,1,0,0,0,0,0.0,3,0.0,0,1
gpt_5_5__reasoning_low,gpt_5_5__reasoning_low.jsonl,low,23,snacks,Trail Mix Snack,0.19,0.1,0.09,0.09,89.99999999999999,True,12,2.033742003225599,0.8313747258506792,12,1,0,0,0,1,0,0,0,0,4,0,0,0.0,0,0,0,0,2,0,1,0,0,0,0,0.0,4,0.0,1,0
gpt_5_5__reasoning_low,gpt_5_5__reasoning_low.jsonl,low,24,snacks,Almond Butter Apple Snack,0.2,0.14,0.06,0.06,42.85714285714285,True,11,1.8794354401973017,1.1679444719268564,13,1,0,0,0,1,0,0,0,0,2,2,0,0.0,0,0,0,0,2,0,1,0,0,0,0,0.0,2,0.0,1,0
gpt_5_5__reasoning_low,gpt_5_5__reasoning_low.jsonl,low,25,snacks,Hummus with Bell Pepper,0.1,0.14,-0.04000000000000001,0.04000000000000001,28.571428571428577,True,4,1.9691455896160681,1.1129238340653098,13,1,0,0,0,1,0,0,0,0,2,2,0,0.0,0,0,0,0,2,0,1,0,0,0,0,0.0,2,0.0,0,1
gpt_5_5__reasoning_medium,gpt_5_5__reasoning_medium.jsonl,medium,0,breakfast,Scrambled Egg & Black Bean Burritos,0.16,0.15,0.010000000000000009,0.010000000000000009,6.666666666666673,True,21,2.073378995385724,-0.43028148195128424,14,1,0,0,0,1,0,0,0,0,11,1,0,0.0,0,0,0,0,2,0,1,0,0,0,0,0.0,11,0.0,1,0
gpt_5_5__reasoning_medium,gpt_5_5__reasoning_medium.jsonl,medium,1,breakfast,Cranberry Carrot Muffins,0.05,0.06,-0.009999999999999995,0.009999999999999995,16.66666666666666,True,6,2.2299197451445094,-1.19944858651293,12,1,0,0,0,1,0,0,0,0,15,1,0,0.0,0,0,0,0,2,0,1,0,0,0,0,0.0,15,0.0,0,1
gpt_5_5__reasoning_medium,gpt_5_5__reasoning_medium.jsonl,medium,2,breakfast,Blueberry Banana Pancakes,0.23,0.17,0.06,0.06,35.29411764705882,True,21,2.079513877933275,-0.4296821556095195,12,1,0,0,0,1,0,0,0,0,11,1,0,0.0,0,0,0,0,2,0,1,0,0,0,0,0.0,11,0.0,1,0
gpt_5_5__reasoning_medium,gpt_5_5__reasoning_medium.jsonl,medium,3,breakfast,"Cheesy Egg, Bacon & Broccoli Muffins",0.1,0.08,0.020000000000000004,0.020000000000000004,25.000000000000007,True,17,1.9977594345084626,-0.26184677732775463,14,1,0,0,0,1,0,0,0,0,10,2,0,0.0,0,0,0,0,2,0,1,0,0,0,0,0.0,10,0.0,1,0
gpt_5_5__reasoning_medium,gpt_5_5__reasoning_medium.jsonl,medium,4,breakfast,Glorious Green Smoothie Bowl,0.21,0.17,0.03999999999999998,0.03999999999999998,23.52941176470587,True,13,2.061022420848058,0.47370216615886473,13,1,0,0,0,1,0,0,0,0,6,0,0,0.0,0,0,0,0,2,0,1,0,0,0,0,0.0,6,0.0,1,0
gpt_5_5__reasoning_medium,gpt_5_5__reasoning_medium.jsonl,medium,5,anytime_meals,Sesame-Ginger Turkey Meatballs,0.12,0.04,0.07999999999999999,0.07999999999999999,199.99999999999994,True,18,2.0010769621455626,-0.9865446508356727,13,1,0,0,0,1,0,0,0,0,14,3,0,0.0,0,0,0,0,2,0,1,0,0,0,0,0.0,14,0.0,1,0
gpt_5_5__reasoning_medium,gpt_5_5__reasoning_medium.jsonl,medium,6,anytime_meals,Chicken and Broccoli Piccata,0.12,0.13,-0.010000000000000009,0.010000000000000009,7.692307692307699,True,6,2.090787111564329,-1.041565288697219,13,1,0,0,0,1,0,0,0,0,14,3,0,0.0,0,0,0,0,2,0,1,0,0,0,0,0.0,14,0.0,0,1
gpt_5_5__reasoning_medium,gpt_5_5__reasoning_medium.jsonl,medium,9,anytime_meals,Pork Tenderloin with Dijon Gravy,0.08,0.14,-0.06000000000000001,0.06000000000000001,42.85714285714286,True,9,2.0874695839272293,-0.31686741518930095,14,1,0,0,0,1,0,0,0,0,10,2,0,0.0,0,0,0,0,2,0,1,0,0,0,0,0.0,10,0.0,0,1
gpt_5_5__reasoning_medium,gpt_5_5__reasoning_medium.jsonl,medium,10,anytime_meals,Fish Tacos with Crunchy Slaw,0.24,0.14,0.09999999999999998,0.09999999999999998,71.4285714285714,True,23,2.164422572074426,-1.5024001715140805,14,1,0,0,0,1,0,0,0,0,17,1,0,0.0,0,0,0,0,2,0,1,0,0,0,0,0.0,17,0.0,1,0
gpt_5_5__reasoning_medium,gpt_5_5__reasoning_medium.jsonl,medium,11,anytime_meals,Chicken Sausage Garden Pasta,0.3,0.04,0.26,0.26,650.0,True,14,1.742529413842103,0.0789115106621975,13,1,0,0,0,1,0,0,0,0,10,3,1,10.0,0,0,0,0,2,0,1,0,0,0,0,0.0,9,0.1,1,0
gpt_5_5__reasoning_medium,gpt_5_5__reasoning_medium.jsonl,medium,13,anytime_meals,Simple Greek Salad,,0.12,,0.04000000000000001,33.33333333333334,True,-1,2.045617339260279,-2.6331086135748474,6,1,0,0,0,0,0,0,0,0,16,1,0,0.0,0,0,0,0,1,0,0,0,0,0,0,0.0,16,0.0,0,0
gpt_5_5__reasoning_medium,gpt_5_5__reasoning_medium.jsonl,medium,14,anytime_meals,Apple-Celery Chicken Salad,0.06,0.1,-0.04000000000000001,0.04000000000000001,40.00000000000001,True,7,1.9848196917908338,-0.5157576875527575,13,1,0,0,0,1,0,0,0,0,11,4,0,0.0,0,0,0,0,2,0,1,0,0,0,0,0.0,11,0.0,0,1
gpt_5_5__reasoning_medium,gpt_5_5__reasoning_medium.jsonl,medium,15,anytime_meals,Harvest Crunch Kale & Chicken Salad,0.21,0.19,0.01999999999999999,0.01999999999999999,10.52631578947368,True,25,2.073629081749048,-1.1552790186300848,14,1,0,0,0,1,0,0,0,0,15,2,0,0.0,0,0,0,0,2,0,1,0,0,0,0,0.0,15,0.0,1,0
gpt_5_5__reasoning_medium,gpt_5_5__reasoning_medium.jsonl,medium,16,desserts,Citrus-Berry Ricotta Parfaits,0.08,0.1,-0.020000000000000004,0.020000000000000004,20.000000000000004,True,5,2.0902869388376804,0.40842978466038204,13,1,0,0,0,1,0,0,0,0,6,1,0,0.0,0,0,0,0,2,0,1,0,0,0,0,0.0,6,0.0,0,1
gpt_5_5__reasoning_medium,gpt_5_5__reasoning_medium.jsonl,medium,18,desserts,Carob Chip Cranberry Cookies,0.05,0.03,0.020000000000000004,0.020000000000000004,66.66666666666669,True,20,2.0916203661076165,-0.608668267040868,13,1,0,0,0,1,0,0,0,0,12,1,0,0.0,0,0,0,0,2,0,1,0,0,0,0,0.0,12,0.0,1,0
gpt_5_5__reasoning_medium,gpt_5_5__reasoning_medium.jsonl,medium,19,desserts,Pumpkin Cinnamon Bars,0.04,0.06,-0.019999999999999997,0.019999999999999997,33.33333333333333,True,8,2.123952325371014,-0.6736409853684684,12,1,0,0,0,1,0,0,0,0,12,2,0,0.0,0,0,0,0,2,0,1,0,0,0,0,0.0,12,0.0,0,1
gpt_5_5__reasoning_medium,gpt_5_5__reasoning_medium.jsonl,medium,20,desserts,Carob Cupcakes with Cream Cheese Frosting,0.04,0.03,0.010000000000000002,0.010000000000000002,33.33333333333334,True,16,1.8912231550471685,-1.1778730119853391,15,1,0,0,0,1,0,0,0,0,15,4,0,0.0,0,0,0,0,3,0,1,0,0,0,0,0.0,15,0.0,1,0
gpt_5_5__reasoning_medium,gpt_5_5__reasoning_medium.jsonl,medium,21,snacks,Rice Cakes with Peanut Butter and Strawberries,0.25,0.16,0.09,0.09,56.25,True,10,1.8249614143949486,0.9781072905168067,16,1,0,0,0,1,0,0,0,0,3,3,0,0.0,0,0,0,0,2,0,1,0,0,0,0,0.0,3,0.0,1,0
gpt_5_5__reasoning_medium,gpt_5_5__reasoning_medium.jsonl,medium,22,snacks,Avocado Toast with Feta,0.11,0.23,-0.12000000000000001,0.12000000000000001,52.17391304347826,True,4,1.9238738876350412,0.9239856421679072,13,1,0,0,0,1,0,0,0,0,3,3,0,0.0,0,0,0,0,2,0,1,0,0,0,0,0.0,3,0.0,0,1
gpt_5_5__reasoning_medium,gpt_5_5__reasoning_medium.jsonl,medium,23,snacks,Trail Mix Snack,0.21,0.1,0.10999999999999999,0.10999999999999999,109.99999999999999,True,12,2.033742003225599,0.8313747258506792,12,1,0,0,0,1,0,0,0,0,4,0,0,0.0,0,0,0,0,2,0,1,0,0,0,0,0.0,4,0.0,1,0
gpt_5_5__reasoning_medium,gpt_5_5__reasoning_medium.jsonl,medium,24,snacks,Almond Butter Apple Snack,0.2,0.14,0.06,0.06,42.85714285714285,True,11,1.8794354401973017,1.1679444719268564,13,1,0,0,0,1,0,0,0,0,2,2,0,0.0,0,0,0,0,2,0,1,0,0,0,0,0.0,2,0.0,1,0
gpt_5_5__reasoning_medium,gpt_5_5__reasoning_medium.jsonl,medium,25,snacks,Hummus with Bell Pepper,0.22,0.14,0.07999999999999999,0.07999999999999999,57.14285714285713,True,11,1.8794354401973017,1.1679444719268564,13,1,0,0,0,1,0,0,0,0,2,2,0,0.0,0,0,0,0,2,0,1,0,0,0,0,0.0,2,0.0,1,0
gpt_5_5__reasoning_medium,gpt_5_5__reasoning_medium.jsonl,medium,7,anytime_meals,Chicken Fajitas with Lime Sauce,0.19,0.12,0.07,0.07,58.333333333333336,True,-1,1.9982596072351113,-1.7118418506853557,14,1,0,0,0,1,0,0,0,0,18,4,0,0.0,0,0,0,0,2,0,1,0,0,0,0,0.0,18,0.0,1,0
gpt_5_5__reasoning_medium,gpt_5_5__reasoning_medium.jsonl,medium,8,anytime_meals,One-Pot Beef & Mushroom Lasagna,0.47,0.09,0.38,0.38,422.22222222222223,True,19,2.043281222852814,-0.7979061221091528,14,1,0,0,0,1,0,0,0,0,13,2,0,0.0,0,0,0,0,2,0,1,0,0,0,0,0.0,13,0.0,1,0
gpt_5_5__reasoning_medium,gpt_5_5__reasoning_medium.jsonl,medium,12,anytime_meals,Roasted Cauliflower Power Salad,0.24,0.12,0.12,0.12,100.0,True,22,2.1826639427963186,-1.680786956603664,13,1,0,0,0,1,0,0,0,0,18,1,0,0.0,0,0,0,0,2,0,1,0,0,0,0,0.0,18,0.0,1,0
gpt_5_5__reasoning_medium,gpt_5_5__reasoning_medium.jsonl,medium,17,desserts,Crispy Rice Cereal Treats,0.04,0.02,0.02,0.02,100.0,True,13,2.000576789418914,0.46345042252192836,13,1,0,0,0,1,0,0,0,0,6,1,0,0.0,0,0,0,0,2,0,1,0,0,0,0,0.0,6,0.0,1,0
gpt_5_5__reasoning_medium,gpt_5_5__reasoning_medium.jsonl,medium,13,anytime_meals,Simple Greek Salad,0.16,0.12,0.04000000000000001,0.04000000000000001,33.33333333333334,True,24,2.15538352517386,-1.3231143969118495,12,1,0,0,0,1,0,0,0,0,16,1,0,0.0,0,0,0,0,2,0,1,0,0,0,0,0.0,16,0.0,1,0
