model_name,model_file,reasoning_level,recipe_index,recipe_type,recipe_name,predicted_copper_mg,ground_truth_copper_mg,signed_error,absolute_error,relative_error_percent,success,word_count,paragraph_count,sentence_count,bullet_count,numbered_step_count,json_block_present,usda_reference_count,uncertainty_marker_count,correction_phrase_count,refinement_step_count,ingredient_count,ingredient_mentioned_count,explicit_ingredient_estimate_count,ingredient_coverage_percent,skipped_or_negligible_count,grouping_marker_count,per_100g_count,gram_conversion_count,portion_based_count,division_per_serving_count,sum_statement_count,arithmetic_expression_count,high_copper_reference_count,low_copper_reference_count,estimated_numeric_mg_count,calculation_density,coverage_gap_count,complexity_response_ratio,overestimate_indicator,underestimate_indicator
gpt_4_1,gpt_4_1.jsonl,none,0,breakfast,Scrambled Egg & Black Bean Burritos,0.225,0.15,0.07500000000000001,0.07500000000000001,50.000000000000014,True,200,7,2,11,0,1,2,4,0,0,11,11,11,100.0,0,0,0,3,11,6,3,4,0,0,14,0.02,0,1.0,1,0
gpt_4_1,gpt_4_1.jsonl,none,1,breakfast,Cranberry Carrot Muffins,0.05,0.06,-0.009999999999999995,0.009999999999999995,16.66666666666666,True,220,8,1,21,0,1,2,4,0,0,15,15,10,66.66666666666666,5,0,0,9,18,11,5,9,0,5,19,0.04090909090909091,5,0.6666666666666666,0,1
gpt_4_1,gpt_4_1.jsonl,none,2,breakfast,Blueberry Banana Pancakes,0.22,0.17,0.04999999999999999,0.04999999999999999,29.411764705882344,True,132,7,1,11,0,1,2,1,0,0,11,11,7,63.63636363636363,1,2,0,4,8,6,2,5,0,1,10,0.03787878787878788,4,0.6363636363636364,1,0
gpt_4_1,gpt_4_1.jsonl,none,3,breakfast,"Cheesy Egg, Bacon & Broccoli Muffins",0.14,0.08,0.06000000000000001,0.06000000000000001,75.00000000000001,True,159,7,2,6,0,1,2,6,0,0,10,9,5,50.0,1,0,4,8,6,2,3,4,0,1,13,0.025157232704402517,5,0.5,1,0
gpt_4_1,gpt_4_1.jsonl,none,4,breakfast,Glorious Green Smoothie Bowl,0.24,0.17,0.06999999999999998,0.06999999999999998,41.17647058823528,True,221,7,4,13,0,1,2,7,0,0,6,6,6,100.0,1,0,0,4,15,4,3,4,0,1,11,0.01809954751131222,0,1.0,1,0
gpt_4_1,gpt_4_1.jsonl,none,5,anytime_meals,Sesame-Ginger Turkey Meatballs,0.15,0.04,0.10999999999999999,0.10999999999999999,274.99999999999994,True,223,9,5,20,0,1,2,3,0,0,14,14,9,64.28571428571429,1,0,0,9,12,7,5,4,0,1,12,0.017937219730941704,5,0.6428571428571429,1,0
gpt_4_1,gpt_4_1.jsonl,none,6,anytime_meals,Chicken and Broccoli Piccata,0.18,0.13,0.04999999999999999,0.04999999999999999,38.46153846153845,True,215,10,2,13,0,1,2,4,0,0,14,14,12,85.71428571428571,1,0,0,11,14,5,4,12,0,1,15,0.05581395348837209,2,0.8571428571428571,1,0
gpt_4_1,gpt_4_1.jsonl,none,7,anytime_meals,Chicken Fajitas with Lime Sauce,0.24,0.12,0.12,0.12,100.0,True,266,8,4,16,0,1,2,7,0,0,18,17,17,94.44444444444444,0,0,0,15,15,7,3,19,0,0,19,0.07142857142857142,1,0.9444444444444444,1,0
gpt_4_1,gpt_4_1.jsonl,none,8,anytime_meals,One-Pot Beef & Mushroom Lasagna,0.25,0.09,0.16,0.16,177.7777777777778,True,216,8,4,12,0,1,2,7,0,0,13,12,12,92.3076923076923,0,0,0,8,12,9,3,13,0,0,15,0.06018518518518518,1,0.9230769230769231,1,0
gpt_4_1,gpt_4_1.jsonl,none,9,anytime_meals,Pork Tenderloin with Dijon Gravy,0.15,0.14,0.009999999999999981,0.009999999999999981,7.142857142857128,True,183,6,3,12,0,1,2,5,0,0,10,10,10,100.0,0,2,0,8,13,5,3,0,0,0,14,0.0,0,1.0,1,0
gpt_4_1,gpt_4_1.jsonl,none,10,anytime_meals,Fish Tacos with Crunchy Slaw,0.25,0.14,0.10999999999999999,0.10999999999999999,78.57142857142856,True,265,10,6,7,0,1,2,7,0,0,17,10,5,29.411764705882355,3,0,13,26,7,17,4,2,0,3,23,0.007547169811320755,12,0.29411764705882354,1,0
gpt_4_1,gpt_4_1.jsonl,none,11,anytime_meals,Chicken Sausage Garden Pasta,0.28,0.04,0.24000000000000002,0.24000000000000002,600.0,True,295,19,4,39,0,1,2,4,0,0,10,10,7,70.0,2,0,7,24,20,7,4,4,0,2,24,0.013559322033898305,3,0.7,1,0
gpt_4_1,gpt_4_1.jsonl,none,12,anytime_meals,Roasted Cauliflower Power Salad,,0.12,,,,True,304,22,6,11,0,1,2,3,0,0,18,14,1,5.555555555555555,2,1,6,14,13,9,4,14,0,2,20,0.046052631578947366,17,0.05555555555555555,0,0
gpt_4_1,gpt_4_1.jsonl,none,13,anytime_meals,Simple Greek Salad,0.17,0.12,0.05000000000000002,0.05000000000000002,41.66666666666668,True,237,7,4,13,0,1,2,6,0,0,16,15,15,93.75,0,0,0,13,14,9,4,18,0,0,16,0.0759493670886076,1,0.9375,1,0
gpt_4_1,gpt_4_1.jsonl,none,14,anytime_meals,Apple-Celery Chicken Salad,0.075,0.1,-0.02500000000000001,0.02500000000000001,25.000000000000007,True,184,8,3,10,0,1,2,5,0,0,11,11,9,81.81818181818183,1,0,0,9,10,6,2,11,0,1,12,0.059782608695652176,2,0.8181818181818182,0,1
gpt_4_1,gpt_4_1.jsonl,none,15,anytime_meals,Harvest Crunch Kale & Chicken Salad,0.34,0.19,0.15000000000000002,0.15000000000000002,78.94736842105264,True,286,9,1,23,0,1,2,4,0,0,15,15,8,53.333333333333336,5,0,8,16,15,7,5,11,0,5,27,0.038461538461538464,7,0.5333333333333333,1,0
gpt_4_1,gpt_4_1.jsonl,none,16,desserts,Citrus-Berry Ricotta Parfaits,0.15,0.1,0.04999999999999999,0.04999999999999999,49.999999999999986,True,218,16,2,18,0,1,0,8,0,0,6,6,0,0.0,0,0,12,24,8,10,9,6,0,0,21,0.027522935779816515,6,0.0,1,0
gpt_4_1,gpt_4_1.jsonl,none,17,desserts,Crispy Rice Cereal Treats,0.03,0.02,0.009999999999999998,0.009999999999999998,49.999999999999986,True,106,5,1,6,0,1,2,0,0,0,6,6,6,100.0,0,0,0,6,10,4,2,3,0,0,8,0.02830188679245283,0,1.0,1,0
gpt_4_1,gpt_4_1.jsonl,none,18,desserts,Carob Chip Cranberry Cookies,0.05,0.03,0.020000000000000004,0.020000000000000004,66.66666666666669,True,208,8,1,22,0,1,2,4,0,0,12,12,12,100.0,0,0,1,8,16,10,5,7,0,0,15,0.03365384615384615,0,1.0,1,0
gpt_4_1,gpt_4_1.jsonl,none,19,desserts,Pumpkin Cinnamon Bars,0.06,0.06,0.0,0.0,0.0,True,120,5,0,8,0,1,0,0,0,0,12,12,12,100.0,1,1,0,2,8,6,2,9,0,1,11,0.075,0,1.0,0,0
gpt_4_1,gpt_4_1.jsonl,none,20,desserts,Carob Cupcakes with Cream Cheese Frosting,0.058,0.03,0.028000000000000004,0.028000000000000004,93.33333333333334,True,296,12,1,25,0,1,2,3,0,0,15,15,15,100.0,0,0,1,5,24,11,4,15,0,0,33,0.05067567567567568,0,1.0,1,0
gpt_4_1,gpt_4_1.jsonl,none,21,snacks,Rice Cakes with Peanut Butter and Strawberries,0.28,0.16,0.12000000000000002,0.12000000000000002,75.00000000000001,True,69,4,0,3,0,1,0,1,0,0,3,3,3,100.0,0,0,0,1,5,2,2,2,0,0,6,0.028985507246376812,0,1.0,1,0
gpt_4_1,gpt_4_1.jsonl,none,22,snacks,Avocado Toast with Feta,0.19,0.23,-0.04000000000000001,0.04000000000000001,17.39130434782609,True,87,5,0,3,0,1,0,1,0,0,3,3,3,100.0,0,0,3,6,4,2,2,3,0,0,8,0.034482758620689655,0,1.0,0,1
gpt_4_1,gpt_4_1.jsonl,none,23,snacks,Trail Mix Snack,0.48,0.1,0.38,0.38,380.0,True,100,5,1,4,0,1,2,4,0,0,4,4,4,100.0,0,0,0,4,6,2,2,5,0,0,5,0.05,0,1.0,1,0
gpt_4_1,gpt_4_1.jsonl,none,24,snacks,Almond Butter Apple Snack,0.32,0.14,0.18,0.18,128.57142857142856,True,62,2,0,3,0,1,2,0,0,0,2,2,2,100.0,0,0,1,2,4,1,2,1,0,0,5,0.016129032258064516,0,1.0,1,0
gpt_4_1,gpt_4_1.jsonl,none,25,snacks,Hummus with Bell Pepper,0.28,0.14,0.14,0.14,100.0,True,64,3,5,2,0,1,2,0,0,0,2,2,2,100.0,0,0,2,4,4,1,2,0,0,0,7,0.0,0,1.0,1,0
gpt_4_1_mini,gpt_4_1_mini.jsonl,none,0,breakfast,Scrambled Egg & Black Bean Burritos,0.355,0.15,0.205,0.205,136.66666666666666,True,201,6,0,11,0,1,1,3,0,0,11,11,11,100.0,1,0,1,9,13,7,5,15,0,1,14,0.07462686567164178,0,1.0,1,0
gpt_4_1_mini,gpt_4_1_mini.jsonl,none,1,breakfast,Cranberry Carrot Muffins,,0.06,,0.008000000000000007,13.333333333333346,True,368,20,14,47,13,0,0,4,0,0,15,15,11,73.33333333333333,5,0,12,28,27,22,12,21,0,5,31,0.057065217391304345,4,0.7333333333333333,0,0
gpt_4_1_mini,gpt_4_1_mini.jsonl,none,2,breakfast,Blueberry Banana Pancakes,0.21,0.17,0.03999999999999998,0.03999999999999998,23.52941176470587,True,376,18,12,42,11,1,0,4,0,0,11,11,8,72.72727272727273,4,0,5,15,24,12,5,22,0,4,31,0.05851063829787234,3,0.7272727272727273,1,0
gpt_4_1_mini,gpt_4_1_mini.jsonl,none,3,breakfast,"Cheesy Egg, Bacon & Broccoli Muffins",0.15,0.08,0.06999999999999999,0.06999999999999999,87.49999999999999,True,196,12,7,18,6,1,1,4,0,0,10,6,4,40.0,0,0,0,0,10,4,9,5,0,0,15,0.025510204081632654,6,0.4,1,0
gpt_4_1_mini,gpt_4_1_mini.jsonl,none,4,breakfast,Glorious Green Smoothie Bowl,0.15,0.17,-0.020000000000000018,0.020000000000000018,11.764705882352951,True,13,1,0,0,0,1,0,0,0,0,6,0,0,0.0,0,0,0,0,2,0,1,0,0,0,0,0.0,6,0.0,0,1
gpt_4_1_mini,gpt_4_1_mini.jsonl,none,5,anytime_meals,Sesame-Ginger Turkey Meatballs,0.21,0.04,0.16999999999999998,0.16999999999999998,424.9999999999999,True,273,6,2,17,0,1,0,4,0,0,14,12,9,64.28571428571429,2,1,1,15,10,7,5,12,1,2,19,0.04395604395604396,5,0.6428571428571429,1,0
gpt_4_1_mini,gpt_4_1_mini.jsonl,none,6,anytime_meals,Chicken and Broccoli Piccata,0.11,0.13,-0.020000000000000004,0.020000000000000004,15.384615384615389,True,262,12,3,11,0,1,2,9,0,0,14,14,7,50.0,3,2,10,20,7,10,8,6,0,3,18,0.022900763358778626,7,0.5,0,1
gpt_4_1_mini,gpt_4_1_mini.jsonl,none,7,anytime_meals,Chicken Fajitas with Lime Sauce,0.37,0.12,0.25,0.25,208.33333333333334,True,385,27,2,18,0,1,0,3,0,0,18,18,0,0.0,4,0,6,29,18,8,6,17,0,4,30,0.04415584415584416,18,0.0,1,0
gpt_4_1_mini,gpt_4_1_mini.jsonl,none,8,anytime_meals,One-Pot Beef & Mushroom Lasagna,0.32,0.09,0.23,0.23,255.55555555555557,True,302,14,8,24,6,1,0,3,0,0,13,12,2,15.384615384615385,1,2,13,25,12,14,9,9,0,1,22,0.029801324503311258,11,0.15384615384615385,1,0
gpt_4_1_mini,gpt_4_1_mini.jsonl,none,9,anytime_meals,Pork Tenderloin with Dijon Gravy,0.14,0.14,0.0,0.0,0.0,True,339,8,1,10,0,1,0,13,0,0,10,10,10,100.0,4,0,8,25,15,8,5,6,0,4,20,0.017699115044247787,0,1.0,0,0
gpt_4_1_mini,gpt_4_1_mini.jsonl,none,10,anytime_meals,Fish Tacos with Crunchy Slaw,0.2,0.14,0.06,0.06,42.85714285714285,True,337,13,10,33,6,1,0,6,0,0,17,7,6,35.294117647058826,2,0,14,28,11,18,3,9,1,2,23,0.026706231454005934,11,0.35294117647058826,1,0
gpt_4_1_mini,gpt_4_1_mini.jsonl,none,11,anytime_meals,Chicken Sausage Garden Pasta,0.36,0.04,0.32,0.32,800.0,True,313,17,1,9,0,1,0,5,0,0,10,9,1,10.0,1,0,16,33,13,12,14,9,0,1,28,0.02875399361022364,9,0.1,1,0
gpt_4_1_mini,gpt_4_1_mini.jsonl,none,12,anytime_meals,Roasted Cauliflower Power Salad,0.655,0.12,0.535,0.535,445.83333333333337,True,227,5,1,11,0,1,1,4,0,0,18,18,10,55.55555555555556,3,0,5,15,14,8,4,12,0,3,19,0.05286343612334802,8,0.5555555555555556,1,0
gpt_4_1_mini,gpt_4_1_mini.jsonl,none,13,anytime_meals,Simple Greek Salad,0.225,0.12,0.10500000000000001,0.10500000000000001,87.50000000000001,True,117,3,0,10,0,1,0,2,0,0,16,16,12,75.0,2,0,0,0,10,5,2,4,0,2,10,0.03418803418803419,4,0.75,1,0
gpt_4_1_mini,gpt_4_1_mini.jsonl,none,14,anytime_meals,Apple-Celery Chicken Salad,0.071,0.1,-0.029000000000000012,0.029000000000000012,29.00000000000001,True,211,6,0,10,0,1,0,3,0,0,11,11,9,81.81818181818183,3,0,7,16,9,6,4,12,0,3,18,0.05687203791469194,2,0.8181818181818182,0,1
gpt_4_1_mini,gpt_4_1_mini.jsonl,none,15,anytime_meals,Harvest Crunch Kale & Chicken Salad,0.39,0.19,0.2,0.2,105.26315789473684,True,207,5,1,9,0,1,0,4,0,0,15,15,8,53.333333333333336,2,0,6,12,13,7,11,9,0,2,16,0.043478260869565216,7,0.5333333333333333,1,0
gpt_4_1_mini,gpt_4_1_mini.jsonl,none,16,desserts,Citrus-Berry Ricotta Parfaits,0.055,0.1,-0.045000000000000005,0.045000000000000005,45.0,True,286,12,8,20,6,1,0,6,0,0,6,6,5,83.33333333333334,0,0,14,26,10,11,9,6,0,0,23,0.02097902097902098,1,0.8333333333333334,0,1
gpt_4_1_mini,gpt_4_1_mini.jsonl,none,17,desserts,Crispy Rice Cereal Treats,0.011,0.02,-0.009000000000000001,0.009000000000000001,45.00000000000001,True,255,12,7,22,6,1,0,5,0,0,6,6,4,66.66666666666666,2,0,4,9,19,14,4,15,0,2,14,0.058823529411764705,2,0.6666666666666666,0,1
gpt_4_1_mini,gpt_4_1_mini.jsonl,none,18,desserts,Carob Chip Cranberry Cookies,0.039,0.03,0.009000000000000001,0.009000000000000001,30.000000000000004,True,228,5,1,12,0,1,0,4,0,0,12,12,7,58.333333333333336,6,0,6,17,17,10,4,14,0,6,14,0.06140350877192982,5,0.5833333333333334,1,0
gpt_4_1_mini,gpt_4_1_mini.jsonl,none,19,desserts,Pumpkin Cinnamon Bars,0.057,0.06,-0.0029999999999999957,0.0029999999999999957,4.999999999999993,True,302,18,13,28,12,1,0,3,0,0,12,12,4,33.33333333333333,8,0,6,20,16,12,8,7,0,8,22,0.023178807947019868,8,0.3333333333333333,0,1
gpt_4_1_mini,gpt_4_1_mini.jsonl,none,20,desserts,Carob Cupcakes with Cream Cheese Frosting,0.17,0.03,0.14,0.14,466.6666666666667,True,259,5,1,15,0,1,1,6,0,0,15,15,15,100.0,8,0,0,0,24,13,6,17,1,8,24,0.06563706563706563,0,1.0,1,0
gpt_4_1_mini,gpt_4_1_mini.jsonl,none,21,snacks,Rice Cakes with Peanut Butter and Strawberries,0.67,0.16,0.51,0.51,318.75,True,99,5,0,3,0,1,0,6,0,0,3,3,3,100.0,1,0,0,4,5,1,4,2,0,1,6,0.020202020202020204,0,1.0,1,0
gpt_4_1_mini,gpt_4_1_mini.jsonl,none,22,snacks,Avocado Toast with Feta,0.15,0.23,-0.08000000000000002,0.08000000000000002,34.78260869565218,True,57,4,1,3,0,1,0,4,0,0,3,3,3,100.0,1,0,0,3,3,2,2,1,0,1,4,0.017543859649122806,0,1.0,0,1
gpt_4_1_mini,gpt_4_1_mini.jsonl,none,23,snacks,Trail Mix Snack,0.37,0.1,0.27,0.27,270.0,True,88,5,1,4,0,1,0,2,0,0,4,4,4,100.0,0,0,0,0,8,3,2,5,0,0,6,0.056818181818181816,0,1.0,1,0
gpt_4_1_mini,gpt_4_1_mini.jsonl,none,24,snacks,Almond Butter Apple Snack,0.35,0.14,0.20999999999999996,0.20999999999999996,149.99999999999994,True,63,5,0,2,0,1,0,6,0,0,2,2,2,100.0,0,0,0,0,5,1,2,1,0,0,4,0.015873015873015872,0,1.0,1,0
gpt_4_1_mini,gpt_4_1_mini.jsonl,none,25,snacks,Hummus with Bell Pepper,0.205,0.14,0.06499999999999997,0.06499999999999997,46.42857142857141,True,99,5,4,2,0,1,0,7,0,0,2,2,2,100.0,0,0,2,2,4,2,2,0,0,0,8,0.0,0,1.0,1,0
gpt_4_1_mini,gpt_4_1_mini.jsonl,none,1,breakfast,Cranberry Carrot Muffins,0.068,0.06,0.008000000000000007,0.008000000000000007,13.333333333333346,True,299,19,14,34,13,1,1,6,0,0,15,15,11,73.33333333333333,5,0,1,23,19,12,4,16,0,5,26,0.05351170568561873,4,0.7333333333333333,1,0
gpt_4_1_nano,gpt_4_1_nano.jsonl,none,0,breakfast,Scrambled Egg & Black Bean Burritos,0.26,0.15,0.11000000000000001,0.11000000000000001,73.33333333333336,True,14,1,0,0,0,1,0,0,0,0,11,1,0,0.0,0,0,0,0,2,0,1,0,0,0,0,0.0,11,0.0,1,0
gpt_4_1_nano,gpt_4_1_nano.jsonl,none,1,breakfast,Cranberry Carrot Muffins,0.14,0.06,0.08000000000000002,0.08000000000000002,133.33333333333337,True,185,9,2,12,0,1,0,6,0,0,15,15,10,66.66666666666666,5,0,0,0,13,9,3,14,0,5,12,0.07567567567567568,5,0.6666666666666666,1,0
gpt_4_1_nano,gpt_4_1_nano.jsonl,none,2,breakfast,Blueberry Banana Pancakes,0.22,0.17,0.04999999999999999,0.04999999999999999,29.411764705882344,True,163,10,1,10,0,1,0,3,0,0,11,10,8,72.72727272727273,2,0,0,0,13,10,3,13,0,2,11,0.07975460122699386,3,0.7272727272727273,1,0
gpt_4_1_nano,gpt_4_1_nano.jsonl,none,3,breakfast,"Cheesy Egg, Bacon & Broccoli Muffins",0.187,0.08,0.107,0.107,133.75,True,190,8,0,12,0,1,0,14,0,0,10,6,6,60.0,0,0,0,0,8,4,3,5,0,0,21,0.02631578947368421,4,0.6,1,0
gpt_4_1_nano,gpt_4_1_nano.jsonl,none,4,breakfast,Glorious Green Smoothie Bowl,0.26,0.17,0.09,0.09,52.941176470588225,True,126,6,2,6,0,1,0,7,0,0,6,6,6,100.0,0,0,0,0,7,4,2,8,0,0,8,0.06349206349206349,0,1.0,1,0
gpt_4_1_nano,gpt_4_1_nano.jsonl,none,5,anytime_meals,Sesame-Ginger Turkey Meatballs,0.1,0.04,0.060000000000000005,0.060000000000000005,150.0,True,13,1,0,0,0,1,0,0,0,0,14,3,0,0.0,0,0,0,0,2,0,1,0,0,0,0,0.0,14,0.0,1,0
gpt_4_1_nano,gpt_4_1_nano.jsonl,none,6,anytime_meals,Chicken and Broccoli Piccata,0.142,0.13,0.011999999999999983,0.011999999999999983,9.230769230769218,True,162,10,0,11,0,1,0,3,0,0,14,14,4,28.57142857142857,2,1,4,12,7,8,3,3,1,2,12,0.018518518518518517,10,0.2857142857142857,1,0
gpt_4_1_nano,gpt_4_1_nano.jsonl,none,7,anytime_meals,Chicken Fajitas with Lime Sauce,0.1,0.12,-0.01999999999999999,0.01999999999999999,16.66666666666666,True,14,1,0,0,0,1,0,0,0,0,18,4,0,0.0,0,0,0,0,2,0,1,0,0,0,0,0.0,18,0.0,0,1
gpt_4_1_nano,gpt_4_1_nano.jsonl,none,8,anytime_meals,One-Pot Beef & Mushroom Lasagna,0.2,0.09,0.11000000000000001,0.11000000000000001,122.22222222222223,True,14,1,0,0,0,1,0,0,0,0,13,2,0,0.0,0,0,0,0,2,0,1,0,0,0,0,0.0,13,0.0,1,0
gpt_4_1_nano,gpt_4_1_nano.jsonl,none,9,anytime_meals,Pork Tenderloin with Dijon Gravy,0.29,0.14,0.14999999999999997,0.14999999999999997,107.14285714285711,True,243,12,14,21,10,1,0,13,0,0,10,10,6,60.0,5,0,0,1,15,8,4,10,0,5,17,0.0411522633744856,4,0.6,1,0
gpt_4_1_nano,gpt_4_1_nano.jsonl,none,10,anytime_meals,Fish Tacos with Crunchy Slaw,0.6,0.14,0.45999999999999996,0.45999999999999996,328.5714285714285,True,98,2,6,6,0,1,0,8,0,0,17,4,3,17.647058823529413,1,1,1,0,5,4,3,2,0,1,5,0.02040816326530612,14,0.17647058823529413,1,0
gpt_4_1_nano,gpt_4_1_nano.jsonl,none,11,anytime_meals,Chicken Sausage Garden Pasta,0.485,0.04,0.445,0.445,1112.5,True,196,9,0,15,0,1,0,2,0,0,10,9,6,60.0,5,0,0,0,14,4,3,7,0,5,18,0.03571428571428571,4,0.6,1,0
gpt_4_1_nano,gpt_4_1_nano.jsonl,none,12,anytime_meals,Roasted Cauliflower Power Salad,0.6,0.12,0.48,0.48,400.0,True,13,1,0,0,0,1,0,0,0,0,18,1,0,0.0,0,0,0,0,2,0,1,0,0,0,0,0.0,18,0.0,1,0
gpt_4_1_nano,gpt_4_1_nano.jsonl,none,13,anytime_meals,Simple Greek Salad,0.1,0.12,-0.01999999999999999,0.01999999999999999,16.66666666666666,True,12,1,0,0,0,1,0,0,0,0,16,1,0,0.0,0,0,0,0,2,0,1,0,0,0,0,0.0,16,0.0,0,1
gpt_4_1_nano,gpt_4_1_nano.jsonl,none,14,anytime_meals,Apple-Celery Chicken Salad,0.125,0.1,0.024999999999999994,0.024999999999999994,24.999999999999993,True,144,6,0,9,0,1,0,18,0,0,11,9,8,72.72727272727273,2,0,0,0,10,6,2,10,0,2,10,0.06944444444444445,3,0.7272727272727273,1,0
gpt_4_1_nano,gpt_4_1_nano.jsonl,none,15,anytime_meals,Harvest Crunch Kale & Chicken Salad,0.6,0.19,0.41,0.41,215.78947368421052,True,14,1,0,0,0,1,0,0,0,0,15,2,0,0.0,0,0,0,0,2,0,1,0,0,0,0,0.0,15,0.0,1,0
gpt_4_1_nano,gpt_4_1_nano.jsonl,none,16,desserts,Citrus-Berry Ricotta Parfaits,0.0525,0.1,-0.04750000000000001,0.04750000000000001,47.5,True,200,12,6,6,6,1,0,8,0,0,6,6,0,0.0,1,0,2,12,8,5,7,5,0,1,15,0.025,6,0.0,0,1
gpt_4_1_nano,gpt_4_1_nano.jsonl,none,17,desserts,Crispy Rice Cereal Treats,0.031,0.02,0.011,0.011,54.99999999999999,True,109,6,0,6,0,1,0,9,0,0,6,6,4,66.66666666666666,2,0,0,0,10,6,2,6,0,2,7,0.05504587155963303,2,0.6666666666666666,1,0
gpt_4_1_nano,gpt_4_1_nano.jsonl,none,18,desserts,Carob Chip Cranberry Cookies,0.02,0.03,-0.009999999999999998,0.009999999999999998,33.33333333333333,True,13,1,0,0,0,1,0,0,0,0,12,1,0,0.0,0,0,0,0,2,0,1,0,0,0,0,0.0,12,0.0,0,1
gpt_4_1_nano,gpt_4_1_nano.jsonl,none,19,desserts,Pumpkin Cinnamon Bars,0.078,0.06,0.018000000000000002,0.018000000000000002,30.000000000000004,True,172,9,2,16,0,1,0,8,0,0,12,12,4,33.33333333333333,8,0,2,3,7,5,4,4,1,8,14,0.023255813953488372,8,0.3333333333333333,1,0
gpt_4_1_nano,gpt_4_1_nano.jsonl,none,20,desserts,Carob Cupcakes with Cream Cheese Frosting,0.082,0.03,0.052000000000000005,0.052000000000000005,173.33333333333337,True,198,9,0,19,0,1,0,3,0,0,15,15,9,60.0,6,0,0,0,12,4,3,7,0,6,19,0.03535353535353535,6,0.6,1,0
gpt_4_1_nano,gpt_4_1_nano.jsonl,none,21,snacks,Rice Cakes with Peanut Butter and Strawberries,0.4,0.16,0.24000000000000002,0.24000000000000002,150.0,True,16,1,0,0,0,1,0,0,0,0,3,3,0,0.0,0,0,0,0,2,0,1,0,0,0,0,0.0,3,0.0,1,0
gpt_4_1_nano,gpt_4_1_nano.jsonl,none,22,snacks,Avocado Toast with Feta,0.19,0.23,-0.04000000000000001,0.04000000000000001,17.39130434782609,True,101,8,2,3,0,1,0,7,0,0,3,3,3,100.0,0,0,0,1,5,3,4,3,0,0,5,0.0297029702970297,0,1.0,0,1
gpt_4_1_nano,gpt_4_1_nano.jsonl,none,23,snacks,Trail Mix Snack,0.72,0.1,0.62,0.62,619.9999999999999,True,112,7,2,4,0,1,0,5,0,0,4,4,4,100.0,0,0,0,0,9,3,3,5,0,0,6,0.044642857142857144,0,1.0,1,0
gpt_4_1_nano,gpt_4_1_nano.jsonl,none,24,snacks,Almond Butter Apple Snack,0.3,0.14,0.15999999999999998,0.15999999999999998,114.28571428571426,True,13,1,0,0,0,1,0,0,0,0,2,2,0,0.0,0,0,0,0,2,0,1,0,0,0,0,0.0,2,0.0,1,0
gpt_4_1_nano,gpt_4_1_nano.jsonl,none,25,snacks,Hummus with Bell Pepper,0.4,0.14,0.26,0.26,185.7142857142857,True,13,1,0,0,0,1,0,0,0,0,2,2,0,0.0,0,0,0,0,2,0,1,0,0,0,0,0.0,2,0.0,1,0
gpt_4o,gpt_4o.jsonl,none,0,breakfast,Scrambled Egg & Black Bean Burritos,0.2925,0.15,0.1425,0.1425,95.0,True,176,6,15,16,0,1,0,14,0,0,11,11,5,45.45454545454545,6,0,1,2,4,3,4,3,0,6,14,0.017045454545454544,6,0.45454545454545453,1,0
gpt_4o,gpt_4o.jsonl,none,1,breakfast,Cranberry Carrot Muffins,0.0367,0.06,-0.023299999999999994,0.023299999999999994,38.83333333333333,True,146,9,6,10,0,1,0,5,0,0,15,7,5,33.33333333333333,2,1,0,3,6,5,8,2,0,2,9,0.0136986301369863,10,0.3333333333333333,0,1
gpt_4o,gpt_4o.jsonl,none,2,breakfast,Blueberry Banana Pancakes,0.165,0.17,-0.0050000000000000044,0.0050000000000000044,2.9411764705882377,True,150,9,1,15,0,1,0,2,0,0,11,7,7,63.63636363636363,0,0,0,0,9,6,3,5,0,0,16,0.03333333333333333,4,0.6363636363636364,0,1
gpt_4o,gpt_4o.jsonl,none,3,breakfast,"Cheesy Egg, Bacon & Broccoli Muffins",0.44,0.08,0.36,0.36,450.0,True,134,6,9,6,0,1,0,11,0,0,10,6,6,60.0,0,0,0,0,4,0,2,0,0,0,7,0.0,4,0.6,1,0
gpt_4o,gpt_4o.jsonl,none,4,breakfast,Glorious Green Smoothie Bowl,0.36,0.17,0.18999999999999997,0.18999999999999997,111.76470588235293,True,107,6,0,6,0,1,0,3,0,0,6,6,6,100.0,0,0,0,0,5,3,3,8,0,0,7,0.07476635514018691,0,1.0,1,0
gpt_4o,gpt_4o.jsonl,none,5,anytime_meals,Sesame-Ginger Turkey Meatballs,0.315,0.04,0.275,0.275,687.5,True,142,5,3,11,0,1,0,4,0,0,14,12,12,85.71428571428571,0,0,0,0,10,4,4,4,0,0,11,0.028169014084507043,2,0.8571428571428571,1,0
gpt_4o,gpt_4o.jsonl,none,6,anytime_meals,Chicken and Broccoli Piccata,0.135,0.13,0.0050000000000000044,0.0050000000000000044,3.8461538461538494,True,178,8,11,8,0,1,0,17,0,0,14,10,5,35.714285714285715,1,1,4,8,4,1,3,4,0,1,13,0.02247191011235955,9,0.35714285714285715,1,0
gpt_4o,gpt_4o.jsonl,none,7,anytime_meals,Chicken Fajitas with Lime Sauce,0.291,0.12,0.17099999999999999,0.17099999999999999,142.49999999999997,True,161,8,1,9,0,1,0,2,0,0,18,11,4,22.22222222222222,1,0,8,16,5,7,2,3,0,1,15,0.018633540372670808,14,0.2222222222222222,1,0
gpt_4o,gpt_4o.jsonl,none,8,anytime_meals,One-Pot Beef & Mushroom Lasagna,0.47,0.09,0.38,0.38,422.22222222222223,True,154,6,8,6,0,1,0,20,0,0,13,10,6,46.15384615384615,1,0,0,5,3,0,2,4,0,1,6,0.025974025974025976,7,0.46153846153846156,1,0
gpt_4o,gpt_4o.jsonl,none,9,anytime_meals,Pork Tenderloin with Dijon Gravy,0.1375,0.14,-0.0025000000000000022,0.0025000000000000022,1.785714285714287,True,115,8,5,6,0,1,0,6,0,0,10,10,2,20.0,0,0,0,0,5,2,3,0,0,0,9,0.0,8,0.2,0,1
gpt_4o,gpt_4o.jsonl,none,10,anytime_meals,Fish Tacos with Crunchy Slaw,0.29075,0.14,0.15075,0.15075,107.67857142857142,True,169,8,8,8,4,1,0,10,0,0,17,4,4,23.52941176470588,0,0,8,16,5,6,2,0,0,0,19,0.0,13,0.23529411764705882,1,0
gpt_4o,gpt_4o.jsonl,none,11,anytime_meals,Chicken Sausage Garden Pasta,0.33,0.04,0.29000000000000004,0.29000000000000004,725.0000000000001,True,145,6,2,9,0,1,0,12,0,0,10,9,8,80.0,1,0,0,8,8,0,2,0,0,1,9,0.0,2,0.8,1,0
gpt_4o,gpt_4o.jsonl,none,12,anytime_meals,Roasted Cauliflower Power Salad,0.4,0.12,0.28,0.28,233.33333333333334,True,219,8,11,15,0,1,0,22,0,0,18,15,9,50.0,2,0,0,6,10,6,4,3,0,2,17,0.0136986301369863,9,0.5,1,0
gpt_4o,gpt_4o.jsonl,none,13,anytime_meals,Simple Greek Salad,,0.12,,0.022499999999999992,18.749999999999993,True,165,7,2,7,0,1,0,3,0,0,16,11,10,62.5,0,0,0,0,8,5,3,15,0,0,7,0.09090909090909091,6,0.625,0,0
gpt_4o,gpt_4o.jsonl,none,14,anytime_meals,Apple-Celery Chicken Salad,0.1,0.1,0.0,0.0,0.0,True,158,5,11,9,0,1,0,21,0,0,11,11,11,100.0,0,0,0,7,6,2,2,2,0,0,10,0.012658227848101266,0,1.0,0,0
gpt_4o,gpt_4o.jsonl,none,15,anytime_meals,Harvest Crunch Kale & Chicken Salad,0.425,0.19,0.235,0.235,123.68421052631578,True,130,6,2,7,0,1,0,11,0,0,15,12,6,40.0,0,0,0,6,7,4,2,3,0,0,7,0.023076923076923078,9,0.4,1,0
gpt_4o,gpt_4o.jsonl,none,16,desserts,Citrus-Berry Ricotta Parfaits,0.13,0.1,0.03,0.03,30.0,True,161,8,9,11,0,1,0,8,0,0,6,6,6,100.0,1,0,0,0,8,3,3,0,0,1,15,0.0,0,1.0,1,0
gpt_4o,gpt_4o.jsonl,none,17,desserts,Crispy Rice Cereal Treats,0.028,0.02,0.008,0.008,40.0,True,165,7,10,9,0,1,0,13,0,0,6,6,4,66.66666666666666,3,0,2,4,9,5,3,4,0,3,12,0.024242424242424242,2,0.6666666666666666,1,0
gpt_4o,gpt_4o.jsonl,none,18,desserts,Carob Chip Cranberry Cookies,0.03125,0.03,0.0012500000000000011,0.0012500000000000011,4.1666666666666705,True,171,8,1,11,0,1,0,2,0,0,12,12,5,41.66666666666667,1,0,2,4,9,5,5,7,0,1,15,0.04093567251461988,7,0.4166666666666667,1,0
gpt_4o,gpt_4o.jsonl,none,19,desserts,Pumpkin Cinnamon Bars,0.0375,0.06,-0.0225,0.0225,37.5,True,156,7,9,11,0,1,0,9,0,0,12,12,3,25.0,0,0,0,0,5,3,3,3,0,0,9,0.019230769230769232,9,0.25,0,1
gpt_4o,gpt_4o.jsonl,none,20,desserts,Carob Cupcakes with Cream Cheese Frosting,0.0633,0.03,0.033299999999999996,0.033299999999999996,110.99999999999999,True,187,8,12,17,0,1,0,10,0,0,15,15,8,53.333333333333336,0,0,0,0,9,2,3,0,0,0,15,0.0,7,0.5333333333333333,1,0
gpt_4o,gpt_4o.jsonl,none,21,snacks,Rice Cakes with Peanut Butter and Strawberries,0.3,0.16,0.13999999999999999,0.13999999999999999,87.49999999999999,True,88,7,7,4,3,1,0,3,0,0,3,3,1,33.33333333333333,1,0,0,0,4,0,1,0,0,1,3,0.0,2,0.3333333333333333,1,0
gpt_4o,gpt_4o.jsonl,none,22,snacks,Avocado Toast with Feta,0.145,0.23,-0.08500000000000002,0.08500000000000002,36.956521739130444,True,131,7,5,6,0,1,0,9,0,0,3,3,3,100.0,0,0,1,4,4,1,4,2,0,0,8,0.015267175572519083,0,1.0,0,1
gpt_4o,gpt_4o.jsonl,none,23,snacks,Trail Mix Snack,0.21,0.1,0.10999999999999999,0.10999999999999999,109.99999999999999,True,128,7,2,5,0,1,0,11,0,0,4,4,4,100.0,0,0,0,0,7,3,4,5,0,0,5,0.0390625,0,1.0,1,0
gpt_4o,gpt_4o.jsonl,none,24,snacks,Almond Butter Apple Snack,0.35,0.14,0.20999999999999996,0.20999999999999996,149.99999999999994,True,108,8,3,4,0,1,0,5,0,0,2,2,2,100.0,0,0,0,0,4,1,6,0,0,0,7,0.0,0,1.0,1,0
gpt_4o,gpt_4o.jsonl,none,25,snacks,Hummus with Bell Pepper,0.3,0.14,0.15999999999999998,0.15999999999999998,114.28571428571426,True,110,8,3,4,0,1,0,5,0,0,2,2,2,100.0,0,0,0,0,4,1,6,0,0,0,7,0.0,0,1.0,1,0
gpt_4o,gpt_4o.jsonl,none,13,anytime_meals,Simple Greek Salad,0.0975,0.12,-0.022499999999999992,0.022499999999999992,18.749999999999993,True,139,6,1,11,0,1,0,4,0,0,16,15,11,68.75,2,0,0,0,9,6,3,3,0,2,9,0.02158273381294964,5,0.6875,0,1
gpt_4o_mini,gpt_4o_mini.jsonl,none,0,breakfast,Scrambled Egg & Black Bean Burritos,0.21,0.15,0.06,0.06,40.0,True,215,8,11,13,11,1,0,1,0,0,11,11,11,100.0,0,0,0,0,13,7,4,14,0,0,16,0.06511627906976744,0,1.0,1,0
gpt_4o_mini,gpt_4o_mini.jsonl,none,1,breakfast,Cranberry Carrot Muffins,0.0388,0.06,-0.021199999999999997,0.021199999999999997,35.33333333333333,True,227,8,15,9,5,1,0,18,0,0,15,11,6,40.0,1,0,4,8,8,5,3,6,0,1,12,0.02643171806167401,9,0.4,0,1
gpt_4o_mini,gpt_4o_mini.jsonl,none,2,breakfast,Blueberry Banana Pancakes,0.325,0.17,0.155,0.155,91.17647058823529,True,207,9,7,12,6,1,0,13,0,0,11,8,7,63.63636363636363,0,0,0,0,10,8,4,10,0,0,15,0.04830917874396135,4,0.6363636363636364,1,0
gpt_4o_mini,gpt_4o_mini.jsonl,none,3,breakfast,"Cheesy Egg, Bacon & Broccoli Muffins",0.1683,0.08,0.0883,0.0883,110.375,True,229,13,12,14,6,1,0,16,0,0,10,6,6,60.0,0,0,1,0,8,2,9,5,0,0,6,0.021834061135371178,4,0.6,1,0
gpt_4o_mini,gpt_4o_mini.jsonl,none,4,breakfast,Glorious Green Smoothie Bowl,0.33,0.17,0.16,0.16,94.11764705882352,True,211,8,10,12,6,1,0,12,0,0,6,6,6,100.0,0,0,0,0,6,4,4,8,0,0,13,0.037914691943127965,0,1.0,1,0
gpt_4o_mini,gpt_4o_mini.jsonl,none,5,anytime_meals,Sesame-Ginger Turkey Meatballs,0.175,0.04,0.13499999999999998,0.13499999999999998,337.49999999999994,True,180,8,15,9,7,1,0,15,0,0,14,9,8,57.14285714285714,0,0,0,0,10,7,4,10,0,0,10,0.05555555555555555,6,0.5714285714285714,1,0
gpt_4o_mini,gpt_4o_mini.jsonl,none,6,anytime_meals,Chicken and Broccoli Piccata,0.0825,0.13,-0.0475,0.0475,36.53846153846153,True,233,8,22,12,8,1,0,17,0,0,14,9,5,35.714285714285715,4,0,4,0,7,3,4,4,0,4,15,0.017167381974248927,9,0.35714285714285715,0,1
gpt_4o_mini,gpt_4o_mini.jsonl,none,7,anytime_meals,Chicken Fajitas with Lime Sauce,0.06625,0.12,-0.05374999999999999,0.05374999999999999,44.791666666666664,True,221,9,17,10,6,1,0,14,0,0,18,10,6,33.33333333333333,2,0,2,4,6,4,4,4,0,2,16,0.01809954751131222,12,0.3333333333333333,0,1
gpt_4o_mini,gpt_4o_mini.jsonl,none,8,anytime_meals,One-Pot Beef & Mushroom Lasagna,0.1,0.09,0.010000000000000009,0.010000000000000009,11.111111111111121,True,154,9,7,6,3,1,0,7,0,0,13,6,4,30.76923076923077,0,0,0,0,6,4,5,3,0,0,9,0.01948051948051948,9,0.3076923076923077,1,0
gpt_4o_mini,gpt_4o_mini.jsonl,none,9,anytime_meals,Pork Tenderloin with Dijon Gravy,0.24,0.14,0.09999999999999998,0.09999999999999998,71.4285714285714,True,200,9,13,8,4,1,0,16,0,0,10,4,4,40.0,0,0,1,0,11,3,3,3,0,0,16,0.015,6,0.4,1,0
gpt_4o_mini,gpt_4o_mini.jsonl,none,10,anytime_meals,Fish Tacos with Crunchy Slaw,0.22,0.14,0.07999999999999999,0.07999999999999999,57.14285714285713,True,180,8,10,6,3,1,0,12,0,0,17,4,4,23.52941176470588,0,0,3,6,6,4,3,1,0,0,15,0.005555555555555556,13,0.23529411764705882,1,0
gpt_4o_mini,gpt_4o_mini.jsonl,none,11,anytime_meals,Chicken Sausage Garden Pasta,0.325,0.04,0.28500000000000003,0.28500000000000003,712.5000000000001,True,234,6,21,20,10,1,0,15,0,0,10,10,7,70.0,3,0,0,0,11,3,4,6,0,3,18,0.02564102564102564,3,0.7,1,0
gpt_4o_mini,gpt_4o_mini.jsonl,none,12,anytime_meals,Roasted Cauliflower Power Salad,0.5,0.12,0.38,0.38,316.6666666666667,True,374,9,33,35,16,1,0,24,0,0,18,18,18,100.0,0,0,0,0,19,9,4,17,0,0,37,0.045454545454545456,0,1.0,1,0
gpt_4o_mini,gpt_4o_mini.jsonl,none,13,anytime_meals,Simple Greek Salad,0.08125,0.12,-0.03874999999999999,0.03874999999999999,32.291666666666664,True,242,9,16,10,5,1,0,21,0,0,16,10,9,56.25,0,0,5,10,9,8,3,8,0,0,18,0.03305785123966942,7,0.5625,0,1
gpt_4o_mini,gpt_4o_mini.jsonl,none,14,anytime_meals,Apple-Celery Chicken Salad,0.215,0.1,0.11499999999999999,0.11499999999999999,114.99999999999999,True,242,8,21,18,10,1,0,17,0,0,11,11,9,81.81818181818183,2,0,0,0,11,6,4,11,0,2,19,0.045454545454545456,2,0.8181818181818182,1,0
gpt_4o_mini,gpt_4o_mini.jsonl,none,15,anytime_meals,Harvest Crunch Kale & Chicken Salad,0.66,0.19,0.47000000000000003,0.47000000000000003,247.3684210526316,True,296,14,15,19,7,1,0,14,0,0,15,15,6,40.0,1,0,0,0,22,8,10,10,0,1,28,0.033783783783783786,9,0.4,1,0
gpt_4o_mini,gpt_4o_mini.jsonl,none,16,desserts,Citrus-Berry Ricotta Parfaits,0.3685,0.1,0.26849999999999996,0.26849999999999996,268.49999999999994,True,260,13,12,6,6,1,0,14,0,0,6,6,6,100.0,0,0,2,1,11,4,4,6,0,0,6,0.023076923076923078,0,1.0,1,0
gpt_4o_mini,gpt_4o_mini.jsonl,none,17,desserts,Crispy Rice Cereal Treats,0.035,0.02,0.015000000000000003,0.015000000000000003,75.00000000000001,True,194,8,12,12,6,1,0,14,0,0,6,6,6,100.0,0,0,0,0,9,5,3,8,0,0,12,0.041237113402061855,0,1.0,1,0
gpt_4o_mini,gpt_4o_mini.jsonl,none,18,desserts,Carob Chip Cranberry Cookies,0.035,0.03,0.0050000000000000044,0.0050000000000000044,16.666666666666682,True,254,9,11,22,10,1,0,1,0,0,12,11,11,91.66666666666666,0,0,0,0,15,9,5,15,0,0,23,0.05905511811023622,1,0.9166666666666666,1,0
gpt_4o_mini,gpt_4o_mini.jsonl,none,19,desserts,Pumpkin Cinnamon Bars,0.06,0.06,0.0,0.0,0.0,True,307,17,25,31,12,1,0,15,0,0,12,12,5,41.66666666666667,7,0,2,0,18,9,16,10,0,7,25,0.03257328990228013,7,0.4166666666666667,0,0
gpt_4o_mini,gpt_4o_mini.jsonl,none,20,desserts,Carob Cupcakes with Cream Cheese Frosting,0.175,0.03,0.145,0.145,483.3333333333333,True,320,8,32,23,15,1,0,17,0,0,15,15,9,60.0,7,0,0,0,22,10,6,15,0,7,22,0.046875,6,0.6,1,0
gpt_4o_mini,gpt_4o_mini.jsonl,none,21,snacks,Rice Cakes with Peanut Butter and Strawberries,0.25,0.16,0.09,0.09,56.25,True,170,8,8,6,3,1,0,8,0,0,3,3,3,100.0,1,0,0,0,7,2,5,1,0,1,9,0.0058823529411764705,0,1.0,1,0
gpt_4o_mini,gpt_4o_mini.jsonl,none,22,snacks,Avocado Toast with Feta,0.3,0.23,0.06999999999999998,0.06999999999999998,30.43478260869564,True,131,7,7,6,3,1,0,9,0,0,3,3,3,100.0,0,0,0,0,3,1,5,3,0,0,8,0.022900763358778626,0,1.0,1,0
gpt_4o_mini,gpt_4o_mini.jsonl,none,23,snacks,Trail Mix Snack,0.42,0.1,0.31999999999999995,0.31999999999999995,319.99999999999994,True,149,8,9,8,4,1,0,9,0,0,4,4,4,100.0,0,0,0,0,7,3,4,5,0,0,10,0.03355704697986577,0,1.0,1,0
gpt_4o_mini,gpt_4o_mini.jsonl,none,24,snacks,Almond Butter Apple Snack,0.35,0.14,0.20999999999999996,0.20999999999999996,149.99999999999994,True,96,6,2,5,0,1,0,5,0,0,2,2,2,100.0,0,0,0,0,3,0,5,0,0,0,7,0.0,0,1.0,1,0
gpt_4o_mini,gpt_4o_mini.jsonl,none,25,snacks,Hummus with Bell Pepper,0.2,0.14,0.06,0.06,42.85714285714285,True,113,8,5,6,2,1,0,5,0,0,2,2,2,100.0,0,0,0,0,4,1,4,0,0,0,6,0.0,0,1.0,1,0
gpt_5_4__reasoning_high,gpt_5_4__reasoning_high.jsonl,high,24,snacks,Almond Butter Apple Snack,0.22,0.14,0.07999999999999999,0.07999999999999999,57.14285714285713,True,13,1,0,0,0,1,0,0,0,0,2,2,0,0.0,0,0,0,0,2,0,1,0,0,0,0,0.0,2,0.0,1,0
gpt_5_4__reasoning_high,gpt_5_4__reasoning_high.jsonl,high,0,breakfast,Scrambled Egg & Black Bean Burritos,0.19,0.15,0.04000000000000001,0.04000000000000001,26.66666666666667,True,14,1,0,0,0,1,0,0,0,0,11,1,1,9.090909090909092,0,0,0,0,2,0,1,0,0,0,0,0.0,10,0.09090909090909091,1,0
gpt_5_4__reasoning_high,gpt_5_4__reasoning_high.jsonl,high,1,breakfast,Cranberry Carrot Muffins,0.063,0.06,0.0030000000000000027,0.0030000000000000027,5.000000000000004,True,12,1,0,0,0,1,0,0,0,0,15,1,0,0.0,0,0,0,0,2,0,1,0,0,0,0,0.0,15,0.0,1,0
gpt_5_4__reasoning_high,gpt_5_4__reasoning_high.jsonl,high,2,breakfast,Blueberry Banana Pancakes,0.19,0.17,0.01999999999999999,0.01999999999999999,11.764705882352935,True,12,1,0,0,0,1,0,0,0,0,11,1,0,0.0,0,0,0,0,2,0,1,0,0,0,0,0.0,11,0.0,1,0
gpt_5_4__reasoning_high,gpt_5_4__reasoning_high.jsonl,high,3,breakfast,"Cheesy Egg, Bacon & Broccoli Muffins",0.1,0.08,0.020000000000000004,0.020000000000000004,25.000000000000007,True,14,1,0,0,0,1,0,0,0,0,10,2,0,0.0,0,0,0,0,2,0,1,0,0,0,0,0.0,10,0.0,1,0
gpt_5_4__reasoning_high,gpt_5_4__reasoning_high.jsonl,high,4,breakfast,Glorious Green Smoothie Bowl,0.16,0.17,-0.010000000000000009,0.010000000000000009,5.8823529411764754,True,13,1,0,0,0,1,0,0,0,0,6,0,0,0.0,0,0,0,0,2,0,1,0,0,0,0,0.0,6,0.0,0,1
gpt_5_4__reasoning_high,gpt_5_4__reasoning_high.jsonl,high,5,anytime_meals,Sesame-Ginger Turkey Meatballs,0.11,0.04,0.07,0.07,175.00000000000003,True,13,1,0,0,0,1,0,0,0,0,14,3,0,0.0,0,0,0,0,2,0,1,0,0,0,0,0.0,14,0.0,1,0
gpt_5_4__reasoning_high,gpt_5_4__reasoning_high.jsonl,high,6,anytime_meals,Chicken and Broccoli Piccata,0.12,0.13,-0.010000000000000009,0.010000000000000009,7.692307692307699,True,13,1,0,0,0,1,0,0,0,0,14,3,3,21.428571428571427,0,0,0,0,2,0,1,0,0,0,0,0.0,11,0.21428571428571427,0,1
gpt_5_4__reasoning_high,gpt_5_4__reasoning_high.jsonl,high,7,anytime_meals,Chicken Fajitas with Lime Sauce,0.18,0.12,0.06,0.06,50.0,True,14,1,0,0,0,1,0,0,0,0,18,4,4,22.22222222222222,0,0,0,0,2,0,1,0,0,0,0,0.0,14,0.2222222222222222,1,0
gpt_5_4__reasoning_high,gpt_5_4__reasoning_high.jsonl,high,8,anytime_meals,One-Pot Beef & Mushroom Lasagna,0.42,0.09,0.32999999999999996,0.32999999999999996,366.66666666666663,True,14,1,0,0,0,1,0,0,0,0,13,2,0,0.0,0,0,0,0,2,0,1,0,0,0,0,0.0,13,0.0,1,0
gpt_5_4__reasoning_high,gpt_5_4__reasoning_high.jsonl,high,9,anytime_meals,Pork Tenderloin with Dijon Gravy,0.11,0.14,-0.030000000000000013,0.030000000000000013,21.428571428571434,True,14,1,0,0,0,1,0,0,0,0,10,2,2,20.0,0,0,0,0,2,0,1,0,0,0,0,0.0,8,0.2,0,1
gpt_5_4__reasoning_high,gpt_5_4__reasoning_high.jsonl,high,10,anytime_meals,Fish Tacos with Crunchy Slaw,0.26,0.14,0.12,0.12,85.7142857142857,True,14,1,0,0,0,1,0,0,0,0,17,1,0,0.0,0,0,0,0,2,0,1,0,0,0,0,0.0,17,0.0,1,0
gpt_5_4__reasoning_high,gpt_5_4__reasoning_high.jsonl,high,11,anytime_meals,Chicken Sausage Garden Pasta,0.25,0.04,0.21,0.21,525.0,True,13,1,0,0,0,1,0,0,0,0,10,3,1,10.0,0,0,0,0,2,0,1,0,0,0,0,0.0,9,0.1,1,0
gpt_5_4__reasoning_high,gpt_5_4__reasoning_high.jsonl,high,12,anytime_meals,Roasted Cauliflower Power Salad,0.26,0.12,0.14,0.14,116.66666666666667,True,13,1,0,0,0,1,0,0,0,0,18,1,1,5.555555555555555,0,0,0,0,2,0,1,0,0,0,0,0.0,17,0.05555555555555555,1,0
gpt_5_4__reasoning_high,gpt_5_4__reasoning_high.jsonl,high,13,anytime_meals,Simple Greek Salad,0.18,0.12,0.06,0.06,50.0,True,12,1,0,0,0,1,0,0,0,0,16,1,0,0.0,0,0,0,0,2,0,1,0,0,0,0,0.0,16,0.0,1,0
gpt_5_4__reasoning_high,gpt_5_4__reasoning_high.jsonl,high,14,anytime_meals,Apple-Celery Chicken Salad,0.05,0.1,-0.05,0.05,50.0,True,13,1,0,0,0,1,0,0,0,0,11,4,0,0.0,0,0,0,0,2,0,1,0,0,0,0,0.0,11,0.0,0,1
gpt_5_4__reasoning_high,gpt_5_4__reasoning_high.jsonl,high,15,anytime_meals,Harvest Crunch Kale & Chicken Salad,0.22,0.19,0.03,0.03,15.789473684210526,True,14,1,0,0,0,1,0,0,0,0,15,2,2,13.333333333333334,0,0,0,0,2,0,1,0,0,0,0,0.0,13,0.13333333333333333,1,0
gpt_5_4__reasoning_high,gpt_5_4__reasoning_high.jsonl,high,16,desserts,Citrus-Berry Ricotta Parfaits,0.084,0.1,-0.016,0.016,16.0,True,13,1,0,0,0,1,0,0,0,0,6,1,0,0.0,0,0,0,0,2,0,1,0,0,0,0,0.0,6,0.0,0,1
gpt_5_4__reasoning_high,gpt_5_4__reasoning_high.jsonl,high,17,desserts,Crispy Rice Cereal Treats,0.016,0.02,-0.004,0.004,20.0,True,13,1,0,0,0,1,0,0,0,0,6,1,0,0.0,0,0,0,0,2,0,1,0,0,0,0,0.0,6,0.0,0,1
gpt_5_4__reasoning_high,gpt_5_4__reasoning_high.jsonl,high,18,desserts,Carob Chip Cranberry Cookies,0.039,0.03,0.009000000000000001,0.009000000000000001,30.000000000000004,True,13,1,0,0,0,1,0,0,0,0,12,1,1,8.333333333333332,0,0,0,0,2,0,1,0,0,0,0,0.0,11,0.08333333333333333,1,0
gpt_5_4__reasoning_high,gpt_5_4__reasoning_high.jsonl,high,19,desserts,Pumpkin Cinnamon Bars,0.04,0.06,-0.019999999999999997,0.019999999999999997,33.33333333333333,True,12,1,0,0,0,1,0,0,0,0,12,2,2,16.666666666666664,0,0,0,0,2,0,1,0,0,0,0,0.0,10,0.16666666666666666,0,1
gpt_5_4__reasoning_high,gpt_5_4__reasoning_high.jsonl,high,20,desserts,Carob Cupcakes with Cream Cheese Frosting,0.041,0.03,0.011000000000000003,0.011000000000000003,36.66666666666668,True,15,1,0,0,0,1,0,0,0,0,15,4,0,0.0,0,0,0,0,3,0,1,0,0,0,0,0.0,15,0.0,1,0
gpt_5_4__reasoning_high,gpt_5_4__reasoning_high.jsonl,high,21,snacks,Rice Cakes with Peanut Butter and Strawberries,0.29,0.16,0.12999999999999998,0.12999999999999998,81.24999999999999,True,16,1,0,0,0,1,0,0,0,0,3,3,0,0.0,0,0,0,0,2,0,1,0,0,0,0,0.0,3,0.0,1,0
gpt_5_4__reasoning_high,gpt_5_4__reasoning_high.jsonl,high,22,snacks,Avocado Toast with Feta,0.09,0.23,-0.14,0.14,60.86956521739131,True,13,1,0,0,0,1,0,0,0,0,3,3,0,0.0,0,0,0,0,2,0,1,0,0,0,0,0.0,3,0.0,0,1
gpt_5_4__reasoning_high,gpt_5_4__reasoning_high.jsonl,high,23,snacks,Trail Mix Snack,0.17,0.1,0.07,0.07,70.0,True,12,1,0,0,0,1,0,0,0,0,4,0,0,0.0,0,0,0,0,2,0,1,0,0,0,0,0.0,4,0.0,1,0
gpt_5_4__reasoning_high,gpt_5_4__reasoning_high.jsonl,high,25,snacks,Hummus with Bell Pepper,0.2,0.14,0.06,0.06,42.85714285714285,True,13,1,0,0,0,1,0,0,0,0,2,2,2,100.0,0,0,0,0,2,0,1,0,0,0,0,0.0,0,1.0,1,0
gpt_5_4__reasoning_low,gpt_5_4__reasoning_low.jsonl,low,0,breakfast,Scrambled Egg & Black Bean Burritos,0.21,0.15,0.06,0.06,40.0,True,14,1,0,0,0,1,0,0,0,0,11,1,1,9.090909090909092,0,0,0,0,2,0,1,0,0,0,0,0.0,10,0.09090909090909091,1,0
gpt_5_4__reasoning_low,gpt_5_4__reasoning_low.jsonl,low,1,breakfast,Cranberry Carrot Muffins,0.07,0.06,0.010000000000000009,0.010000000000000009,16.666666666666682,True,12,1,0,0,0,1,0,0,0,0,15,1,0,0.0,0,0,0,0,2,0,1,0,0,0,0,0.0,15,0.0,1,0
gpt_5_4__reasoning_low,gpt_5_4__reasoning_low.jsonl,low,2,breakfast,Blueberry Banana Pancakes,0.19,0.17,0.01999999999999999,0.01999999999999999,11.764705882352935,True,12,1,0,0,0,1,0,0,0,0,11,1,0,0.0,0,0,0,0,2,0,1,0,0,0,0,0.0,11,0.0,1,0
gpt_5_4__reasoning_low,gpt_5_4__reasoning_low.jsonl,low,3,breakfast,"Cheesy Egg, Bacon & Broccoli Muffins",0.1,0.08,0.020000000000000004,0.020000000000000004,25.000000000000007,True,14,1,0,0,0,1,0,0,0,0,10,2,0,0.0,0,0,0,0,2,0,1,0,0,0,0,0.0,10,0.0,1,0
gpt_5_4__reasoning_low,gpt_5_4__reasoning_low.jsonl,low,4,breakfast,Glorious Green Smoothie Bowl,0.23,0.17,0.06,0.06,35.29411764705882,True,13,1,0,0,0,1,0,0,0,0,6,0,0,0.0,0,0,0,0,2,0,1,0,0,0,0,0.0,6,0.0,1,0
gpt_5_4__reasoning_low,gpt_5_4__reasoning_low.jsonl,low,5,anytime_meals,Sesame-Ginger Turkey Meatballs,0.12,0.04,0.07999999999999999,0.07999999999999999,199.99999999999994,True,13,1,0,0,0,1,0,0,0,0,14,3,3,21.428571428571427,0,0,0,0,2,0,1,0,0,0,0,0.0,11,0.21428571428571427,1,0
gpt_5_4__reasoning_low,gpt_5_4__reasoning_low.jsonl,low,6,anytime_meals,Chicken and Broccoli Piccata,0.13,0.13,0.0,0.0,0.0,True,13,1,0,0,0,1,0,0,0,0,14,3,0,0.0,0,0,0,0,2,0,1,0,0,0,0,0.0,14,0.0,0,0
gpt_5_4__reasoning_low,gpt_5_4__reasoning_low.jsonl,low,7,anytime_meals,Chicken Fajitas with Lime Sauce,0.18,0.12,0.06,0.06,50.0,True,14,1,0,0,0,1,0,0,0,0,18,4,4,22.22222222222222,0,0,0,0,2,0,1,0,0,0,0,0.0,14,0.2222222222222222,1,0
gpt_5_4__reasoning_low,gpt_5_4__reasoning_low.jsonl,low,8,anytime_meals,One-Pot Beef & Mushroom Lasagna,0.38,0.09,0.29000000000000004,0.29000000000000004,322.2222222222223,True,14,1,0,0,0,1,0,0,0,0,13,2,2,15.384615384615385,0,0,0,0,2,0,1,0,0,0,0,0.0,11,0.15384615384615385,1,0
gpt_5_4__reasoning_low,gpt_5_4__reasoning_low.jsonl,low,9,anytime_meals,Pork Tenderloin with Dijon Gravy,0.12,0.14,-0.020000000000000018,0.020000000000000018,14.285714285714295,True,14,1,0,0,0,1,0,0,0,0,10,2,2,20.0,0,0,0,0,2,0,1,0,0,0,0,0.0,8,0.2,0,1
gpt_5_4__reasoning_low,gpt_5_4__reasoning_low.jsonl,low,10,anytime_meals,Fish Tacos with Crunchy Slaw,0.27,0.14,0.13,0.13,92.85714285714285,True,14,1,0,0,0,1,0,0,0,0,17,1,0,0.0,0,0,0,0,2,0,1,0,0,0,0,0.0,17,0.0,1,0
gpt_5_4__reasoning_low,gpt_5_4__reasoning_low.jsonl,low,11,anytime_meals,Chicken Sausage Garden Pasta,0.28,0.04,0.24000000000000002,0.24000000000000002,600.0,True,13,1,0,0,0,1,0,0,0,0,10,3,3,30.0,0,0,0,0,2,0,1,0,0,0,0,0.0,7,0.3,1,0
gpt_5_4__reasoning_low,gpt_5_4__reasoning_low.jsonl,low,12,anytime_meals,Roasted Cauliflower Power Salad,0.26,0.12,0.14,0.14,116.66666666666667,True,13,1,0,0,0,1,0,0,0,0,18,1,0,0.0,0,0,0,0,2,0,1,0,0,0,0,0.0,18,0.0,1,0
gpt_5_4__reasoning_low,gpt_5_4__reasoning_low.jsonl,low,13,anytime_meals,Simple Greek Salad,0.16,0.12,0.04000000000000001,0.04000000000000001,33.33333333333334,True,12,1,0,0,0,1,0,0,0,0,16,1,1,6.25,0,0,0,0,2,0,1,0,0,0,0,0.0,15,0.0625,1,0
gpt_5_4__reasoning_low,gpt_5_4__reasoning_low.jsonl,low,14,anytime_meals,Apple-Celery Chicken Salad,0.05,0.1,-0.05,0.05,50.0,True,13,1,0,0,0,1,0,0,0,0,11,4,4,36.36363636363637,0,0,0,0,2,0,1,0,0,0,0,0.0,7,0.36363636363636365,0,1
gpt_5_4__reasoning_low,gpt_5_4__reasoning_low.jsonl,low,15,anytime_meals,Harvest Crunch Kale & Chicken Salad,0.2,0.19,0.010000000000000009,0.010000000000000009,5.263157894736847,True,14,1,0,0,0,1,0,0,0,0,15,2,2,13.333333333333334,0,0,0,0,2,0,1,0,0,0,0,0.0,13,0.13333333333333333,1,0
gpt_5_4__reasoning_low,gpt_5_4__reasoning_low.jsonl,low,16,desserts,Citrus-Berry Ricotta Parfaits,0.08,0.1,-0.020000000000000004,0.020000000000000004,20.000000000000004,True,13,1,0,0,0,1,0,0,0,0,6,1,1,16.666666666666664,0,0,0,0,2,0,1,0,0,0,0,0.0,5,0.16666666666666666,0,1
gpt_5_4__reasoning_low,gpt_5_4__reasoning_low.jsonl,low,17,desserts,Crispy Rice Cereal Treats,0.03,0.02,0.009999999999999998,0.009999999999999998,49.999999999999986,True,13,1,0,0,0,1,0,0,0,0,6,1,1,16.666666666666664,0,0,0,0,2,0,1,0,0,0,0,0.0,5,0.16666666666666666,1,0
gpt_5_4__reasoning_low,gpt_5_4__reasoning_low.jsonl,low,18,desserts,Carob Chip Cranberry Cookies,0.045,0.03,0.015,0.015,50.0,True,13,1,0,0,0,1,0,0,0,0,12,1,1,8.333333333333332,0,0,0,0,2,0,1,0,0,0,0,0.0,11,0.08333333333333333,1,0
gpt_5_4__reasoning_low,gpt_5_4__reasoning_low.jsonl,low,19,desserts,Pumpkin Cinnamon Bars,0.04,0.06,-0.019999999999999997,0.019999999999999997,33.33333333333333,True,12,1,0,0,0,1,0,0,0,0,12,2,2,16.666666666666664,0,0,0,0,2,0,1,0,0,0,0,0.0,10,0.16666666666666666,0,1
gpt_5_4__reasoning_low,gpt_5_4__reasoning_low.jsonl,low,20,desserts,Carob Cupcakes with Cream Cheese Frosting,0.035,0.03,0.0050000000000000044,0.0050000000000000044,16.666666666666682,True,15,1,0,0,0,1,0,0,0,0,15,4,4,26.666666666666668,0,0,0,0,3,0,1,0,0,0,0,0.0,11,0.26666666666666666,1,0
gpt_5_4__reasoning_low,gpt_5_4__reasoning_low.jsonl,low,21,snacks,Rice Cakes with Peanut Butter and Strawberries,0.22,0.16,0.06,0.06,37.5,True,16,1,0,0,0,1,0,0,0,0,3,3,0,0.0,0,0,0,0,2,0,1,0,0,0,0,0.0,3,0.0,1,0
gpt_5_4__reasoning_low,gpt_5_4__reasoning_low.jsonl,low,22,snacks,Avocado Toast with Feta,0.13,0.23,-0.1,0.1,43.47826086956522,True,13,1,0,0,0,1,0,0,0,0,3,3,3,100.0,0,0,0,0,2,0,1,0,0,0,0,0.0,0,1.0,0,1
gpt_5_4__reasoning_low,gpt_5_4__reasoning_low.jsonl,low,23,snacks,Trail Mix Snack,0.21,0.1,0.10999999999999999,0.10999999999999999,109.99999999999999,True,12,1,0,0,0,1,0,0,0,0,4,0,0,0.0,0,0,0,0,2,0,1,0,0,0,0,0.0,4,0.0,1,0
gpt_5_4__reasoning_low,gpt_5_4__reasoning_low.jsonl,low,24,snacks,Almond Butter Apple Snack,0.2,0.14,0.06,0.06,42.85714285714285,True,13,1,0,0,0,1,0,0,0,0,2,2,2,100.0,0,0,0,0,2,0,1,0,0,0,0,0.0,0,1.0,1,0
gpt_5_4__reasoning_low,gpt_5_4__reasoning_low.jsonl,low,25,snacks,Hummus with Bell Pepper,0.21,0.14,0.06999999999999998,0.06999999999999998,49.99999999999998,True,13,1,0,0,0,1,0,0,0,0,2,2,2,100.0,0,0,0,0,2,0,1,0,0,0,0,0.0,0,1.0,1,0
gpt_5_4__reasoning_medium,gpt_5_4__reasoning_medium.jsonl,medium,2,breakfast,Blueberry Banana Pancakes,0.24,0.17,0.06999999999999998,0.06999999999999998,41.17647058823528,True,12,1,0,0,0,1,0,0,0,0,11,1,0,0.0,0,0,0,0,2,0,1,0,0,0,0,0.0,11,0.0,1,0
gpt_5_4__reasoning_medium,gpt_5_4__reasoning_medium.jsonl,medium,4,breakfast,Glorious Green Smoothie Bowl,0.15,0.17,-0.020000000000000018,0.020000000000000018,11.764705882352951,True,13,1,0,0,0,1,0,0,0,0,6,0,0,0.0,0,0,0,0,2,0,1,0,0,0,0,0.0,6,0.0,0,1
gpt_5_4__reasoning_medium,gpt_5_4__reasoning_medium.jsonl,medium,9,anytime_meals,Pork Tenderloin with Dijon Gravy,0.11,0.14,-0.030000000000000013,0.030000000000000013,21.428571428571434,True,14,1,0,0,0,1,0,0,0,0,10,2,2,20.0,0,0,0,0,2,0,1,0,0,0,0,0.0,8,0.2,0,1
gpt_5_4__reasoning_medium,gpt_5_4__reasoning_medium.jsonl,medium,11,anytime_meals,Chicken Sausage Garden Pasta,0.25,0.04,0.21,0.21,525.0,True,13,1,0,0,0,1,0,0,0,0,10,3,1,10.0,0,0,0,0,2,0,1,0,0,0,0,0.0,9,0.1,1,0
gpt_5_4__reasoning_medium,gpt_5_4__reasoning_medium.jsonl,medium,14,anytime_meals,Apple-Celery Chicken Salad,0.055,0.1,-0.045000000000000005,0.045000000000000005,45.0,True,13,1,0,0,0,1,0,0,0,0,11,4,0,0.0,0,0,0,0,2,0,1,0,0,0,0,0.0,11,0.0,0,1
gpt_5_4__reasoning_medium,gpt_5_4__reasoning_medium.jsonl,medium,16,desserts,Citrus-Berry Ricotta Parfaits,0.1,0.1,0.0,0.0,0.0,True,13,1,0,0,0,1,0,0,0,0,6,1,0,0.0,0,0,0,0,2,0,1,0,0,0,0,0.0,6,0.0,0,0
gpt_5_4__reasoning_medium,gpt_5_4__reasoning_medium.jsonl,medium,21,snacks,Rice Cakes with Peanut Butter and Strawberries,0.23,0.16,0.07,0.07,43.75000000000001,True,16,1,0,0,0,1,0,0,0,0,3,3,3,100.0,0,0,0,0,2,0,1,0,0,0,0,0.0,0,1.0,1,0
gpt_5_4__reasoning_medium,gpt_5_4__reasoning_medium.jsonl,medium,22,snacks,Avocado Toast with Feta,0.1,0.23,-0.13,0.13,56.52173913043478,True,13,1,0,0,0,1,0,0,0,0,3,3,3,100.0,0,0,0,0,2,0,1,0,0,0,0,0.0,0,1.0,0,1
gpt_5_4__reasoning_medium,gpt_5_4__reasoning_medium.jsonl,medium,24,snacks,Almond Butter Apple Snack,0.21,0.14,0.06999999999999998,0.06999999999999998,49.99999999999998,True,13,1,0,0,0,1,0,0,0,0,2,2,2,100.0,0,0,0,0,2,0,1,0,0,0,0,0.0,0,1.0,1,0
gpt_5_4__reasoning_medium,gpt_5_4__reasoning_medium.jsonl,medium,25,snacks,Hummus with Bell Pepper,0.16,0.14,0.01999999999999999,0.01999999999999999,14.285714285714276,True,13,1,0,0,0,1,0,0,0,0,2,2,2,100.0,0,0,0,0,2,0,1,0,0,0,0,0.0,0,1.0,1,0
gpt_5_4__reasoning_medium,gpt_5_4__reasoning_medium.jsonl,medium,1,breakfast,Cranberry Carrot Muffins,0.057,0.06,-0.0029999999999999957,0.0029999999999999957,4.999999999999993,True,12,1,0,0,0,1,0,0,0,0,15,1,0,0.0,0,0,0,0,2,0,1,0,0,0,0,0.0,15,0.0,0,1
gpt_5_4__reasoning_medium,gpt_5_4__reasoning_medium.jsonl,medium,3,breakfast,"Cheesy Egg, Bacon & Broccoli Muffins",0.11,0.08,0.03,0.03,37.5,True,14,1,0,0,0,1,0,0,0,0,10,2,0,0.0,0,0,0,0,2,0,1,0,0,0,0,0.0,10,0.0,1,0
gpt_5_4__reasoning_medium,gpt_5_4__reasoning_medium.jsonl,medium,5,anytime_meals,Sesame-Ginger Turkey Meatballs,0.08,0.04,0.04,0.04,100.0,True,13,1,0,0,0,1,0,0,0,0,14,3,0,0.0,0,0,0,0,2,0,1,0,0,0,0,0.0,14,0.0,1,0
gpt_5_4__reasoning_medium,gpt_5_4__reasoning_medium.jsonl,medium,6,anytime_meals,Chicken and Broccoli Piccata,0.1,0.13,-0.03,0.03,23.076923076923077,True,13,1,0,0,0,1,0,0,0,0,14,3,0,0.0,0,0,0,0,2,0,1,0,0,0,0,0.0,14,0.0,0,1
gpt_5_4__reasoning_medium,gpt_5_4__reasoning_medium.jsonl,medium,7,anytime_meals,Chicken Fajitas with Lime Sauce,0.19,0.12,0.07,0.07,58.333333333333336,True,14,1,0,0,0,1,0,0,0,0,18,4,4,22.22222222222222,0,0,0,0,2,0,1,0,0,0,0,0.0,14,0.2222222222222222,1,0
gpt_5_4__reasoning_medium,gpt_5_4__reasoning_medium.jsonl,medium,8,anytime_meals,One-Pot Beef & Mushroom Lasagna,0.41,0.09,0.31999999999999995,0.31999999999999995,355.55555555555554,True,14,1,0,0,0,1,0,0,0,0,13,2,2,15.384615384615385,0,0,0,0,2,0,1,0,0,0,0,0.0,11,0.15384615384615385,1,0
gpt_5_4__reasoning_medium,gpt_5_4__reasoning_medium.jsonl,medium,10,anytime_meals,Fish Tacos with Crunchy Slaw,0.27,0.14,0.13,0.13,92.85714285714285,True,14,1,0,0,0,1,0,0,0,0,17,1,0,0.0,0,0,0,0,2,0,1,0,0,0,0,0.0,17,0.0,1,0
gpt_5_4__reasoning_medium,gpt_5_4__reasoning_medium.jsonl,medium,12,anytime_meals,Roasted Cauliflower Power Salad,0.21,0.12,0.09,0.09,75.0,True,13,1,0,0,0,1,0,0,0,0,18,1,1,5.555555555555555,0,0,0,0,2,0,1,0,0,0,0,0.0,17,0.05555555555555555,1,0
gpt_5_4__reasoning_medium,gpt_5_4__reasoning_medium.jsonl,medium,13,anytime_meals,Simple Greek Salad,0.17,0.12,0.05000000000000002,0.05000000000000002,41.66666666666668,True,12,1,0,0,0,1,0,0,0,0,16,1,1,6.25,0,0,0,0,2,0,1,0,0,0,0,0.0,15,0.0625,1,0
gpt_5_4__reasoning_medium,gpt_5_4__reasoning_medium.jsonl,medium,15,anytime_meals,Harvest Crunch Kale & Chicken Salad,0.215,0.19,0.024999999999999994,0.024999999999999994,13.157894736842103,True,14,1,0,0,0,1,0,0,0,0,15,2,2,13.333333333333334,0,0,0,0,2,0,1,0,0,0,0,0.0,13,0.13333333333333333,1,0
gpt_5_4__reasoning_medium,gpt_5_4__reasoning_medium.jsonl,medium,17,desserts,Crispy Rice Cereal Treats,0.02,0.02,0.0,0.0,0.0,True,13,1,0,0,0,1,0,0,0,0,6,1,0,0.0,0,0,0,0,2,0,1,0,0,0,0,0.0,6,0.0,0,0
gpt_5_4__reasoning_medium,gpt_5_4__reasoning_medium.jsonl,medium,18,desserts,Carob Chip Cranberry Cookies,0.04,0.03,0.010000000000000002,0.010000000000000002,33.33333333333334,True,13,1,0,0,0,1,0,0,0,0,12,1,0,0.0,0,0,0,0,2,0,1,0,0,0,0,0.0,12,0.0,1,0
gpt_5_4__reasoning_medium,gpt_5_4__reasoning_medium.jsonl,medium,19,desserts,Pumpkin Cinnamon Bars,0.04,0.06,-0.019999999999999997,0.019999999999999997,33.33333333333333,True,12,1,0,0,0,1,0,0,0,0,12,2,0,0.0,0,0,0,0,2,0,1,0,0,0,0,0.0,12,0.0,0,1
gpt_5_4__reasoning_medium,gpt_5_4__reasoning_medium.jsonl,medium,20,desserts,Carob Cupcakes with Cream Cheese Frosting,0.04,0.03,0.010000000000000002,0.010000000000000002,33.33333333333334,True,15,1,0,0,0,1,0,0,0,0,15,4,4,26.666666666666668,0,0,0,0,3,0,1,0,0,0,0,0.0,11,0.26666666666666666,1,0
gpt_5_4__reasoning_medium,gpt_5_4__reasoning_medium.jsonl,medium,23,snacks,Trail Mix Snack,0.19,0.1,0.09,0.09,89.99999999999999,True,12,1,0,0,0,1,0,0,0,0,4,0,0,0.0,0,0,0,0,2,0,1,0,0,0,0,0.0,4,0.0,1,0
gpt_5_4__reasoning_medium,gpt_5_4__reasoning_medium.jsonl,medium,0,breakfast,Scrambled Egg & Black Bean Burritos,0.24,0.15,0.09,0.09,60.0,True,14,1,0,0,0,1,0,0,0,0,11,1,0,0.0,0,0,0,0,2,0,1,0,0,0,0,0.0,11,0.0,1,0
gpt_5_4_mini__reasoning_high,gpt_5_4_mini__reasoning_high.jsonl,high,13,anytime_meals,Simple Greek Salad,0.15,0.12,0.03,0.03,25.0,True,12,1,0,0,0,1,0,0,0,0,16,1,1,6.25,0,0,0,0,2,0,1,0,0,0,0,0.0,15,0.0625,1,0
gpt_5_4_mini__reasoning_high,gpt_5_4_mini__reasoning_high.jsonl,high,22,snacks,Avocado Toast with Feta,0.11,0.23,-0.12000000000000001,0.12000000000000001,52.17391304347826,True,13,1,0,0,0,1,0,0,0,0,3,3,3,100.0,0,0,0,0,2,0,1,0,0,0,0,0.0,0,1.0,0,1
gpt_5_4_mini__reasoning_high,gpt_5_4_mini__reasoning_high.jsonl,high,24,snacks,Almond Butter Apple Snack,0.19,0.14,0.04999999999999999,0.04999999999999999,35.7142857142857,True,13,1,0,0,0,1,0,0,0,0,2,2,0,0.0,0,0,0,0,2,0,1,0,0,0,0,0.0,2,0.0,1,0
gpt_5_4_mini__reasoning_high,gpt_5_4_mini__reasoning_high.jsonl,high,25,snacks,Hummus with Bell Pepper,0.17,0.14,0.03,0.03,21.428571428571423,True,13,1,0,0,0,1,0,0,0,0,2,2,0,0.0,0,0,0,0,2,0,1,0,0,0,0,0.0,2,0.0,1,0
gpt_5_4_mini__reasoning_high,gpt_5_4_mini__reasoning_high.jsonl,high,0,breakfast,Scrambled Egg & Black Bean Burritos,0.2,0.15,0.05000000000000002,0.05000000000000002,33.33333333333335,True,14,1,0,0,0,1,0,0,0,0,11,1,0,0.0,0,0,0,0,2,0,1,0,0,0,0,0.0,11,0.0,1,0
gpt_5_4_mini__reasoning_high,gpt_5_4_mini__reasoning_high.jsonl,high,1,breakfast,Cranberry Carrot Muffins,0.05,0.06,-0.009999999999999995,0.009999999999999995,16.66666666666666,True,12,1,0,0,0,1,0,0,0,0,15,1,0,0.0,0,0,0,0,2,0,1,0,0,0,0,0.0,15,0.0,0,1
gpt_5_4_mini__reasoning_high,gpt_5_4_mini__reasoning_high.jsonl,high,2,breakfast,Blueberry Banana Pancakes,0.18,0.17,0.009999999999999981,0.009999999999999981,5.8823529411764595,True,12,1,0,0,0,1,0,0,0,0,11,1,1,9.090909090909092,0,0,0,0,2,0,1,0,0,0,0,0.0,10,0.09090909090909091,1,0
gpt_5_4_mini__reasoning_high,gpt_5_4_mini__reasoning_high.jsonl,high,3,breakfast,"Cheesy Egg, Bacon & Broccoli Muffins",0.09,0.08,0.009999999999999995,0.009999999999999995,12.499999999999993,True,14,1,0,0,0,1,0,0,0,0,10,2,2,20.0,0,0,0,0,2,0,1,0,0,0,0,0.0,8,0.2,1,0
gpt_5_4_mini__reasoning_high,gpt_5_4_mini__reasoning_high.jsonl,high,4,breakfast,Glorious Green Smoothie Bowl,0.16,0.17,-0.010000000000000009,0.010000000000000009,5.8823529411764754,True,13,1,0,0,0,1,0,0,0,0,6,0,0,0.0,0,0,0,0,2,0,1,0,0,0,0,0.0,6,0.0,0,1
gpt_5_4_mini__reasoning_high,gpt_5_4_mini__reasoning_high.jsonl,high,5,anytime_meals,Sesame-Ginger Turkey Meatballs,0.078,0.04,0.038,0.038,95.0,True,13,1,0,0,0,1,0,0,0,0,14,3,3,21.428571428571427,0,0,0,0,2,0,1,0,0,0,0,0.0,11,0.21428571428571427,1,0
gpt_5_4_mini__reasoning_high,gpt_5_4_mini__reasoning_high.jsonl,high,6,anytime_meals,Chicken and Broccoli Piccata,0.12,0.13,-0.010000000000000009,0.010000000000000009,7.692307692307699,True,13,1,0,0,0,1,0,0,0,0,14,3,3,21.428571428571427,0,0,0,0,2,0,1,0,0,0,0,0.0,11,0.21428571428571427,0,1
gpt_5_4_mini__reasoning_high,gpt_5_4_mini__reasoning_high.jsonl,high,7,anytime_meals,Chicken Fajitas with Lime Sauce,0.21,0.12,0.09,0.09,75.0,True,14,1,0,0,0,1,0,0,0,0,18,4,4,22.22222222222222,0,0,0,0,2,0,1,0,0,0,0,0.0,14,0.2222222222222222,1,0
gpt_5_4_mini__reasoning_high,gpt_5_4_mini__reasoning_high.jsonl,high,8,anytime_meals,One-Pot Beef & Mushroom Lasagna,0.32,0.09,0.23,0.23,255.55555555555557,True,14,1,0,0,0,1,0,0,0,0,13,2,2,15.384615384615385,0,0,0,0,2,0,1,0,0,0,0,0.0,11,0.15384615384615385,1,0
gpt_5_4_mini__reasoning_high,gpt_5_4_mini__reasoning_high.jsonl,high,9,anytime_meals,Pork Tenderloin with Dijon Gravy,0.07,0.14,-0.07,0.07,50.0,True,14,1,0,0,0,1,0,0,0,0,10,2,0,0.0,0,0,0,0,2,0,1,0,0,0,0,0.0,10,0.0,0,1
gpt_5_4_mini__reasoning_high,gpt_5_4_mini__reasoning_high.jsonl,high,10,anytime_meals,Fish Tacos with Crunchy Slaw,0.24,0.14,0.09999999999999998,0.09999999999999998,71.4285714285714,True,14,1,0,0,0,1,0,0,0,0,17,1,0,0.0,0,0,0,0,2,0,1,0,0,0,0,0.0,17,0.0,1,0
gpt_5_4_mini__reasoning_high,gpt_5_4_mini__reasoning_high.jsonl,high,11,anytime_meals,Chicken Sausage Garden Pasta,0.27,0.04,0.23,0.23,575.0,True,13,1,0,0,0,1,0,0,0,0,10,3,1,10.0,0,0,0,0,2,0,1,0,0,0,0,0.0,9,0.1,1,0
gpt_5_4_mini__reasoning_high,gpt_5_4_mini__reasoning_high.jsonl,high,12,anytime_meals,Roasted Cauliflower Power Salad,0.26,0.12,0.14,0.14,116.66666666666667,True,13,1,0,0,0,1,0,0,0,0,18,1,0,0.0,0,0,0,0,2,0,1,0,0,0,0,0.0,18,0.0,1,0
gpt_5_4_mini__reasoning_high,gpt_5_4_mini__reasoning_high.jsonl,high,14,anytime_meals,Apple-Celery Chicken Salad,0.08,0.1,-0.020000000000000004,0.020000000000000004,20.000000000000004,True,13,1,0,0,0,1,0,0,0,0,11,4,4,36.36363636363637,0,0,0,0,2,0,1,0,0,0,0,0.0,7,0.36363636363636365,0,1
gpt_5_4_mini__reasoning_high,gpt_5_4_mini__reasoning_high.jsonl,high,15,anytime_meals,Harvest Crunch Kale & Chicken Salad,0.25,0.19,0.06,0.06,31.57894736842105,True,14,1,0,0,0,1,0,0,0,0,15,2,2,13.333333333333334,0,0,0,0,2,0,1,0,0,0,0,0.0,13,0.13333333333333333,1,0
gpt_5_4_mini__reasoning_high,gpt_5_4_mini__reasoning_high.jsonl,high,16,desserts,Citrus-Berry Ricotta Parfaits,0.09,0.1,-0.010000000000000009,0.010000000000000009,10.000000000000009,True,13,1,0,0,0,1,0,0,0,0,6,1,1,16.666666666666664,0,0,0,0,2,0,1,0,0,0,0,0.0,5,0.16666666666666666,0,1
gpt_5_4_mini__reasoning_high,gpt_5_4_mini__reasoning_high.jsonl,high,17,desserts,Crispy Rice Cereal Treats,0.025,0.02,0.005000000000000001,0.005000000000000001,25.000000000000007,True,13,1,0,0,0,1,0,0,0,0,6,1,1,16.666666666666664,0,0,0,0,2,0,1,0,0,0,0,0.0,5,0.16666666666666666,1,0
gpt_5_4_mini__reasoning_high,gpt_5_4_mini__reasoning_high.jsonl,high,18,desserts,Carob Chip Cranberry Cookies,0.039,0.03,0.009000000000000001,0.009000000000000001,30.000000000000004,True,13,1,0,0,0,1,0,0,0,0,12,1,1,8.333333333333332,0,0,0,0,2,0,1,0,0,0,0,0.0,11,0.08333333333333333,1,0
gpt_5_4_mini__reasoning_high,gpt_5_4_mini__reasoning_high.jsonl,high,19,desserts,Pumpkin Cinnamon Bars,0.04,0.06,-0.019999999999999997,0.019999999999999997,33.33333333333333,True,12,1,0,0,0,1,0,0,0,0,12,2,2,16.666666666666664,0,0,0,0,2,0,1,0,0,0,0,0.0,10,0.16666666666666666,0,1
gpt_5_4_mini__reasoning_high,gpt_5_4_mini__reasoning_high.jsonl,high,20,desserts,Carob Cupcakes with Cream Cheese Frosting,0.036,0.03,0.005999999999999998,0.005999999999999998,19.999999999999996,True,15,1,0,0,0,1,0,0,0,0,15,4,0,0.0,0,0,0,0,3,0,1,0,0,0,0,0.0,15,0.0,1,0
gpt_5_4_mini__reasoning_high,gpt_5_4_mini__reasoning_high.jsonl,high,21,snacks,Rice Cakes with Peanut Butter and Strawberries,0.23,0.16,0.07,0.07,43.75000000000001,True,16,1,0,0,0,1,0,0,0,0,3,3,0,0.0,0,0,0,0,2,0,1,0,0,0,0,0.0,3,0.0,1,0
gpt_5_4_mini__reasoning_high,gpt_5_4_mini__reasoning_high.jsonl,high,23,snacks,Trail Mix Snack,0.24,0.1,0.13999999999999999,0.13999999999999999,139.99999999999997,True,12,1,0,0,0,1,0,0,0,0,4,0,0,0.0,0,0,0,0,2,0,1,0,0,0,0,0.0,4,0.0,1,0
gpt_5_4_mini__reasoning_low,gpt_5_4_mini__reasoning_low.jsonl,low,0,breakfast,Scrambled Egg & Black Bean Burritos,0.16,0.15,0.010000000000000009,0.010000000000000009,6.666666666666673,True,14,1,0,0,0,1,0,0,0,0,11,1,0,0.0,0,0,0,0,2,0,1,0,0,0,0,0.0,11,0.0,1,0
gpt_5_4_mini__reasoning_low,gpt_5_4_mini__reasoning_low.jsonl,low,1,breakfast,Cranberry Carrot Muffins,0.04,0.06,-0.019999999999999997,0.019999999999999997,33.33333333333333,True,12,1,0,0,0,1,0,0,0,0,15,1,0,0.0,0,0,0,0,2,0,1,0,0,0,0,0.0,15,0.0,0,1
gpt_5_4_mini__reasoning_low,gpt_5_4_mini__reasoning_low.jsonl,low,2,breakfast,Blueberry Banana Pancakes,0.15,0.17,-0.020000000000000018,0.020000000000000018,11.764705882352951,True,12,1,0,0,0,1,0,0,0,0,11,1,0,0.0,0,0,0,0,2,0,1,0,0,0,0,0.0,11,0.0,0,1
gpt_5_4_mini__reasoning_low,gpt_5_4_mini__reasoning_low.jsonl,low,3,breakfast,"Cheesy Egg, Bacon & Broccoli Muffins",0.1,0.08,0.020000000000000004,0.020000000000000004,25.000000000000007,True,14,1,0,0,0,1,0,0,0,0,10,2,2,20.0,0,0,0,0,2,0,1,0,0,0,0,0.0,8,0.2,1,0
gpt_5_4_mini__reasoning_low,gpt_5_4_mini__reasoning_low.jsonl,low,4,breakfast,Glorious Green Smoothie Bowl,0.17,0.17,0.0,0.0,0.0,True,13,1,0,0,0,1,0,0,0,0,6,0,0,0.0,0,0,0,0,2,0,1,0,0,0,0,0.0,6,0.0,0,0
gpt_5_4_mini__reasoning_low,gpt_5_4_mini__reasoning_low.jsonl,low,5,anytime_meals,Sesame-Ginger Turkey Meatballs,0.09,0.04,0.049999999999999996,0.049999999999999996,124.99999999999997,True,13,1,0,0,0,1,0,0,0,0,14,3,0,0.0,0,0,0,0,2,0,1,0,0,0,0,0.0,14,0.0,1,0
gpt_5_4_mini__reasoning_low,gpt_5_4_mini__reasoning_low.jsonl,low,6,anytime_meals,Chicken and Broccoli Piccata,0.16,0.13,0.03,0.03,23.076923076923077,True,13,1,0,0,0,1,0,0,0,0,14,3,0,0.0,0,0,0,0,2,0,1,0,0,0,0,0.0,14,0.0,1,0
gpt_5_4_mini__reasoning_low,gpt_5_4_mini__reasoning_low.jsonl,low,7,anytime_meals,Chicken Fajitas with Lime Sauce,0.2,0.12,0.08000000000000002,0.08000000000000002,66.66666666666669,True,14,1,0,0,0,1,0,0,0,0,18,4,4,22.22222222222222,0,0,0,0,2,0,1,0,0,0,0,0.0,14,0.2222222222222222,1,0
gpt_5_4_mini__reasoning_low,gpt_5_4_mini__reasoning_low.jsonl,low,8,anytime_meals,One-Pot Beef & Mushroom Lasagna,0.18,0.09,0.09,0.09,100.0,True,14,1,0,0,0,1,0,0,0,0,13,2,0,0.0,0,0,0,0,2,0,1,0,0,0,0,0.0,13,0.0,1,0
gpt_5_4_mini__reasoning_low,gpt_5_4_mini__reasoning_low.jsonl,low,9,anytime_meals,Pork Tenderloin with Dijon Gravy,0.08,0.14,-0.06000000000000001,0.06000000000000001,42.85714285714286,True,15,1,0,0,0,1,0,0,0,0,10,2,0,0.0,0,0,0,0,2,0,1,0,0,0,0,0.0,10,0.0,0,1
gpt_5_4_mini__reasoning_low,gpt_5_4_mini__reasoning_low.jsonl,low,10,anytime_meals,Fish Tacos with Crunchy Slaw,0.23,0.14,0.09,0.09,64.28571428571428,True,14,1,0,0,0,1,0,0,0,0,17,1,0,0.0,0,0,0,0,2,0,1,0,0,0,0,0.0,17,0.0,1,0
gpt_5_4_mini__reasoning_low,gpt_5_4_mini__reasoning_low.jsonl,low,11,anytime_meals,Chicken Sausage Garden Pasta,0.2,0.04,0.16,0.16,400.0,True,13,1,0,0,0,1,0,0,0,0,10,3,1,10.0,0,0,0,0,2,0,1,0,0,0,0,0.0,9,0.1,1,0
gpt_5_4_mini__reasoning_low,gpt_5_4_mini__reasoning_low.jsonl,low,12,anytime_meals,Roasted Cauliflower Power Salad,0.25,0.12,0.13,0.13,108.33333333333334,True,13,1,0,0,0,1,0,0,0,0,18,1,1,5.555555555555555,0,0,0,0,2,0,1,0,0,0,0,0.0,17,0.05555555555555555,1,0
gpt_5_4_mini__reasoning_low,gpt_5_4_mini__reasoning_low.jsonl,low,13,anytime_meals,Simple Greek Salad,0.21,0.12,0.09,0.09,75.0,True,12,1,0,0,0,1,0,0,0,0,16,1,0,0.0,0,0,0,0,2,0,1,0,0,0,0,0.0,16,0.0,1,0
gpt_5_4_mini__reasoning_low,gpt_5_4_mini__reasoning_low.jsonl,low,14,anytime_meals,Apple-Celery Chicken Salad,0.08,0.1,-0.020000000000000004,0.020000000000000004,20.000000000000004,True,13,1,0,0,0,1,0,0,0,0,11,4,0,0.0,0,0,0,0,2,0,1,0,0,0,0,0.0,11,0.0,0,1
gpt_5_4_mini__reasoning_low,gpt_5_4_mini__reasoning_low.jsonl,low,15,anytime_meals,Harvest Crunch Kale & Chicken Salad,0.16,0.19,-0.03,0.03,15.789473684210526,True,14,1,0,0,0,1,0,0,0,0,15,2,0,0.0,0,0,0,0,2,0,1,0,0,0,0,0.0,15,0.0,0,1
gpt_5_4_mini__reasoning_low,gpt_5_4_mini__reasoning_low.jsonl,low,16,desserts,Citrus-Berry Ricotta Parfaits,0.07,0.1,-0.03,0.03,30.0,True,13,1,0,0,0,1,0,0,0,0,6,1,0,0.0,0,0,0,0,2,0,1,0,0,0,0,0.0,6,0.0,0,1
gpt_5_4_mini__reasoning_low,gpt_5_4_mini__reasoning_low.jsonl,low,17,desserts,Crispy Rice Cereal Treats,0.02,0.02,0.0,0.0,0.0,True,13,1,0,0,0,1,0,0,0,0,6,1,1,16.666666666666664,0,0,0,0,2,0,1,0,0,0,0,0.0,5,0.16666666666666666,0,0
gpt_5_4_mini__reasoning_low,gpt_5_4_mini__reasoning_low.jsonl,low,18,desserts,Carob Chip Cranberry Cookies,0.05,0.03,0.020000000000000004,0.020000000000000004,66.66666666666669,True,13,1,0,0,0,1,0,0,0,0,12,1,1,8.333333333333332,0,0,0,0,2,0,1,0,0,0,0,0.0,11,0.08333333333333333,1,0
gpt_5_4_mini__reasoning_low,gpt_5_4_mini__reasoning_low.jsonl,low,19,desserts,Pumpkin Cinnamon Bars,0.05,0.06,-0.009999999999999995,0.009999999999999995,16.66666666666666,True,12,1,0,0,0,1,0,0,0,0,12,2,0,0.0,0,0,0,0,2,0,1,0,0,0,0,0.0,12,0.0,0,1
gpt_5_4_mini__reasoning_low,gpt_5_4_mini__reasoning_low.jsonl,low,20,desserts,Carob Cupcakes with Cream Cheese Frosting,0.07,0.03,0.04000000000000001,0.04000000000000001,133.33333333333337,True,15,1,0,0,0,1,0,0,0,0,15,4,4,26.666666666666668,0,0,0,0,3,0,1,0,0,0,0,0.0,11,0.26666666666666666,1,0
gpt_5_4_mini__reasoning_low,gpt_5_4_mini__reasoning_low.jsonl,low,21,snacks,Rice Cakes with Peanut Butter and Strawberries,0.24,0.16,0.07999999999999999,0.07999999999999999,49.999999999999986,True,16,1,0,0,0,1,0,0,0,0,3,3,0,0.0,0,0,0,0,2,0,1,0,0,0,0,0.0,3,0.0,1,0
gpt_5_4_mini__reasoning_low,gpt_5_4_mini__reasoning_low.jsonl,low,22,snacks,Avocado Toast with Feta,0.12,0.23,-0.11000000000000001,0.11000000000000001,47.82608695652174,True,13,1,0,0,0,1,0,0,0,0,3,3,0,0.0,0,0,0,0,2,0,1,0,0,0,0,0.0,3,0.0,0,1
gpt_5_4_mini__reasoning_low,gpt_5_4_mini__reasoning_low.jsonl,low,23,snacks,Trail Mix Snack,0.14,0.1,0.04000000000000001,0.04000000000000001,40.00000000000001,True,12,1,0,0,0,1,0,0,0,0,4,0,0,0.0,0,0,0,0,2,0,1,0,0,0,0,0.0,4,0.0,1,0
gpt_5_4_mini__reasoning_low,gpt_5_4_mini__reasoning_low.jsonl,low,24,snacks,Almond Butter Apple Snack,0.19,0.14,0.04999999999999999,0.04999999999999999,35.7142857142857,True,13,1,0,0,0,1,0,0,0,0,2,2,0,0.0,0,0,0,0,2,0,1,0,0,0,0,0.0,2,0.0,1,0
gpt_5_4_mini__reasoning_low,gpt_5_4_mini__reasoning_low.jsonl,low,25,snacks,Hummus with Bell Pepper,0.15,0.14,0.009999999999999981,0.009999999999999981,7.142857142857128,True,13,1,0,0,0,1,0,0,0,0,2,2,0,0.0,0,0,0,0,2,0,1,0,0,0,0,0.0,2,0.0,1,0
gpt_5_4_mini__reasoning_medium,gpt_5_4_mini__reasoning_medium.jsonl,medium,1,breakfast,Cranberry Carrot Muffins,0.04,0.06,-0.019999999999999997,0.019999999999999997,33.33333333333333,True,12,1,0,0,0,1,0,0,0,0,15,1,1,6.666666666666667,0,0,0,0,2,0,1,0,0,0,0,0.0,14,0.06666666666666667,0,1
gpt_5_4_mini__reasoning_medium,gpt_5_4_mini__reasoning_medium.jsonl,medium,2,breakfast,Blueberry Banana Pancakes,0.19,0.17,0.01999999999999999,0.01999999999999999,11.764705882352935,True,12,1,0,0,0,1,0,0,0,0,11,1,1,9.090909090909092,0,0,0,0,2,0,1,0,0,0,0,0.0,10,0.09090909090909091,1,0
gpt_5_4_mini__reasoning_medium,gpt_5_4_mini__reasoning_medium.jsonl,medium,3,breakfast,"Cheesy Egg, Bacon & Broccoli Muffins",0.08,0.08,0.0,0.0,0.0,True,14,1,0,0,0,1,0,0,0,0,10,2,0,0.0,0,0,0,0,2,0,1,0,0,0,0,0.0,10,0.0,0,0
gpt_5_4_mini__reasoning_medium,gpt_5_4_mini__reasoning_medium.jsonl,medium,7,anytime_meals,Chicken Fajitas with Lime Sauce,0.33,0.12,0.21000000000000002,0.21000000000000002,175.00000000000003,True,14,1,0,0,0,1,0,0,0,0,18,4,4,22.22222222222222,0,0,0,0,2,0,1,0,0,0,0,0.0,14,0.2222222222222222,1,0
gpt_5_4_mini__reasoning_medium,gpt_5_4_mini__reasoning_medium.jsonl,medium,9,anytime_meals,Pork Tenderloin with Dijon Gravy,0.08,0.14,-0.06000000000000001,0.06000000000000001,42.85714285714286,True,14,1,0,0,0,1,0,0,0,0,10,2,2,20.0,0,0,0,0,2,0,1,0,0,0,0,0.0,8,0.2,0,1
gpt_5_4_mini__reasoning_medium,gpt_5_4_mini__reasoning_medium.jsonl,medium,11,anytime_meals,Chicken Sausage Garden Pasta,0.24,0.04,0.19999999999999998,0.19999999999999998,499.9999999999999,True,13,1,0,0,0,1,0,0,0,0,10,3,3,30.0,0,0,0,0,2,0,1,0,0,0,0,0.0,7,0.3,1,0
gpt_5_4_mini__reasoning_medium,gpt_5_4_mini__reasoning_medium.jsonl,medium,13,anytime_meals,Simple Greek Salad,0.11,0.12,-0.009999999999999995,0.009999999999999995,8.33333333333333,True,12,1,0,0,0,1,0,0,0,0,16,1,1,6.25,0,0,0,0,2,0,1,0,0,0,0,0.0,15,0.0625,0,1
gpt_5_4_mini__reasoning_medium,gpt_5_4_mini__reasoning_medium.jsonl,medium,14,anytime_meals,Apple-Celery Chicken Salad,0.05,0.1,-0.05,0.05,50.0,True,13,1,0,0,0,1,0,0,0,0,11,4,4,36.36363636363637,0,0,0,0,2,0,1,0,0,0,0,0.0,7,0.36363636363636365,0,1
gpt_5_4_mini__reasoning_medium,gpt_5_4_mini__reasoning_medium.jsonl,medium,15,anytime_meals,Harvest Crunch Kale & Chicken Salad,0.18,0.19,-0.010000000000000009,0.010000000000000009,5.263157894736847,True,14,1,0,0,0,1,0,0,0,0,15,2,0,0.0,0,0,0,0,2,0,1,0,0,0,0,0.0,15,0.0,0,1
gpt_5_4_mini__reasoning_medium,gpt_5_4_mini__reasoning_medium.jsonl,medium,16,desserts,Citrus-Berry Ricotta Parfaits,0.085,0.1,-0.015,0.015,15.0,True,13,1,0,0,0,1,0,0,0,0,6,1,0,0.0,0,0,0,0,2,0,1,0,0,0,0,0.0,6,0.0,0,1
gpt_5_4_mini__reasoning_medium,gpt_5_4_mini__reasoning_medium.jsonl,medium,17,desserts,Crispy Rice Cereal Treats,0.021,0.02,0.0010000000000000009,0.0010000000000000009,5.000000000000004,True,13,1,0,0,0,1,0,0,0,0,6,1,1,16.666666666666664,0,0,0,0,2,0,1,0,0,0,0,0.0,5,0.16666666666666666,1,0
gpt_5_4_mini__reasoning_medium,gpt_5_4_mini__reasoning_medium.jsonl,medium,18,desserts,Carob Chip Cranberry Cookies,0.05,0.03,0.020000000000000004,0.020000000000000004,66.66666666666669,True,13,1,0,0,0,1,0,0,0,0,12,1,0,0.0,0,0,0,0,2,0,1,0,0,0,0,0.0,12,0.0,1,0
gpt_5_4_mini__reasoning_medium,gpt_5_4_mini__reasoning_medium.jsonl,medium,19,desserts,Pumpkin Cinnamon Bars,0.04,0.06,-0.019999999999999997,0.019999999999999997,33.33333333333333,True,12,1,0,0,0,1,0,0,0,0,12,2,0,0.0,0,0,0,0,2,0,1,0,0,0,0,0.0,12,0.0,0,1
gpt_5_4_mini__reasoning_medium,gpt_5_4_mini__reasoning_medium.jsonl,medium,22,snacks,Avocado Toast with Feta,0.11,0.23,-0.12000000000000001,0.12000000000000001,52.17391304347826,True,13,1,0,0,0,1,0,0,0,0,3,3,3,100.0,0,0,0,0,2,0,1,0,0,0,0,0.0,0,1.0,0,1
gpt_5_4_mini__reasoning_medium,gpt_5_4_mini__reasoning_medium.jsonl,medium,23,snacks,Trail Mix Snack,0.15,0.1,0.04999999999999999,0.04999999999999999,49.999999999999986,True,12,1,0,0,0,1,0,0,0,0,4,0,0,0.0,0,0,0,0,2,0,1,0,0,0,0,0.0,4,0.0,1,0
gpt_5_4_mini__reasoning_medium,gpt_5_4_mini__reasoning_medium.jsonl,medium,24,snacks,Almond Butter Apple Snack,0.19,0.14,0.04999999999999999,0.04999999999999999,35.7142857142857,True,13,1,0,0,0,1,0,0,0,0,2,2,2,100.0,0,0,0,0,2,0,1,0,0,0,0,0.0,0,1.0,1,0
gpt_5_4_mini__reasoning_medium,gpt_5_4_mini__reasoning_medium.jsonl,medium,25,snacks,Hummus with Bell Pepper,0.15,0.14,0.009999999999999981,0.009999999999999981,7.142857142857128,True,13,1,0,0,0,1,0,0,0,0,2,2,2,100.0,0,0,0,0,2,0,1,0,0,0,0,0.0,0,1.0,1,0
gpt_5_4_mini__reasoning_medium,gpt_5_4_mini__reasoning_medium.jsonl,medium,0,breakfast,Scrambled Egg & Black Bean Burritos,0.17,0.15,0.020000000000000018,0.020000000000000018,13.333333333333346,True,14,1,0,0,0,1,0,0,0,0,11,1,1,9.090909090909092,0,0,0,0,2,0,1,0,0,0,0,0.0,10,0.09090909090909091,1,0
gpt_5_4_mini__reasoning_medium,gpt_5_4_mini__reasoning_medium.jsonl,medium,4,breakfast,Glorious Green Smoothie Bowl,0.17,0.17,0.0,0.0,0.0,True,13,1,0,0,0,1,0,0,0,0,6,0,0,0.0,0,0,0,0,2,0,1,0,0,0,0,0.0,6,0.0,0,0
gpt_5_4_mini__reasoning_medium,gpt_5_4_mini__reasoning_medium.jsonl,medium,5,anytime_meals,Sesame-Ginger Turkey Meatballs,0.1,0.04,0.060000000000000005,0.060000000000000005,150.0,True,13,1,0,0,0,1,0,0,0,0,14,3,0,0.0,0,0,0,0,2,0,1,0,0,0,0,0.0,14,0.0,1,0
gpt_5_4_mini__reasoning_medium,gpt_5_4_mini__reasoning_medium.jsonl,medium,6,anytime_meals,Chicken and Broccoli Piccata,0.13,0.13,0.0,0.0,0.0,True,13,1,0,0,0,1,0,0,0,0,14,3,0,0.0,0,0,0,0,2,0,1,0,0,0,0,0.0,14,0.0,0,0
gpt_5_4_mini__reasoning_medium,gpt_5_4_mini__reasoning_medium.jsonl,medium,8,anytime_meals,One-Pot Beef & Mushroom Lasagna,0.25,0.09,0.16,0.16,177.7777777777778,True,14,1,0,0,0,1,0,0,0,0,13,2,0,0.0,0,0,0,0,2,0,1,0,0,0,0,0.0,13,0.0,1,0
gpt_5_4_mini__reasoning_medium,gpt_5_4_mini__reasoning_medium.jsonl,medium,10,anytime_meals,Fish Tacos with Crunchy Slaw,0.28,0.14,0.14,0.14,100.0,True,14,1,0,0,0,1,0,0,0,0,17,1,0,0.0,0,0,0,0,2,0,1,0,0,0,0,0.0,17,0.0,1,0
gpt_5_4_mini__reasoning_medium,gpt_5_4_mini__reasoning_medium.jsonl,medium,12,anytime_meals,Roasted Cauliflower Power Salad,0.26,0.12,0.14,0.14,116.66666666666667,True,13,1,0,0,0,1,0,0,0,0,18,1,0,0.0,0,0,0,0,2,0,1,0,0,0,0,0.0,18,0.0,1,0
gpt_5_4_mini__reasoning_medium,gpt_5_4_mini__reasoning_medium.jsonl,medium,20,desserts,Carob Cupcakes with Cream Cheese Frosting,0.033,0.03,0.0030000000000000027,0.0030000000000000027,10.000000000000009,True,15,1,0,0,0,1,0,0,0,0,15,4,0,0.0,0,0,0,0,3,0,1,0,0,0,0,0.0,15,0.0,1,0
gpt_5_4_mini__reasoning_medium,gpt_5_4_mini__reasoning_medium.jsonl,medium,21,snacks,Rice Cakes with Peanut Butter and Strawberries,0.2,0.16,0.04000000000000001,0.04000000000000001,25.000000000000007,True,16,1,0,0,0,1,0,0,0,0,3,3,0,0.0,0,0,0,0,2,0,1,0,0,0,0,0.0,3,0.0,1,0
gpt_5_4_nano__reasoning_high,gpt_5_4_nano__reasoning_high.jsonl,high,21,snacks,Rice Cakes with Peanut Butter and Strawberries,0.43,0.16,0.27,0.27,168.75,True,16,1,0,0,0,1,0,0,0,0,3,3,0,0.0,0,0,0,0,2,0,1,0,0,0,0,0.0,3,0.0,1,0
gpt_5_4_nano__reasoning_high,gpt_5_4_nano__reasoning_high.jsonl,high,22,snacks,Avocado Toast with Feta,0.1,0.23,-0.13,0.13,56.52173913043478,True,14,1,0,0,0,1,0,0,0,0,3,3,0,0.0,0,0,0,0,2,0,1,0,0,0,0,0.0,3,0.0,0,1
gpt_5_4_nano__reasoning_high,gpt_5_4_nano__reasoning_high.jsonl,high,23,snacks,Trail Mix Snack,0.34,0.1,0.24000000000000002,0.24000000000000002,240.0,True,12,1,0,0,0,1,0,0,0,0,4,0,0,0.0,0,0,0,0,2,0,1,0,0,0,0,0.0,4,0.0,1,0
gpt_5_4_nano__reasoning_high,gpt_5_4_nano__reasoning_high.jsonl,high,24,snacks,Almond Butter Apple Snack,0.22,0.14,0.07999999999999999,0.07999999999999999,57.14285714285713,True,14,1,0,0,0,1,0,0,0,0,2,2,0,0.0,0,0,0,0,2,0,1,0,0,0,0,0.0,2,0.0,1,0
gpt_5_4_nano__reasoning_high,gpt_5_4_nano__reasoning_high.jsonl,high,25,snacks,Hummus with Bell Pepper,0.24,0.14,0.09999999999999998,0.09999999999999998,71.4285714285714,True,14,1,0,0,0,1,0,0,0,0,2,2,0,0.0,0,0,0,0,2,0,1,0,0,0,0,0.0,2,0.0,1,0
gpt_5_4_nano__reasoning_high,gpt_5_4_nano__reasoning_high.jsonl,high,0,breakfast,Scrambled Egg & Black Bean Burritos,0.26,0.15,0.11000000000000001,0.11000000000000001,73.33333333333336,True,15,1,0,0,0,1,0,0,0,0,11,1,0,0.0,0,0,0,0,2,0,1,0,0,0,0,0.0,11,0.0,1,0
gpt_5_4_nano__reasoning_high,gpt_5_4_nano__reasoning_high.jsonl,high,1,breakfast,Cranberry Carrot Muffins,0.068,0.06,0.008000000000000007,0.008000000000000007,13.333333333333346,True,13,1,0,0,0,1,0,0,0,0,15,1,0,0.0,0,0,0,0,2,0,1,0,0,0,0,0.0,15,0.0,1,0
gpt_5_4_nano__reasoning_high,gpt_5_4_nano__reasoning_high.jsonl,high,2,breakfast,Blueberry Banana Pancakes,0.24,0.17,0.06999999999999998,0.06999999999999998,41.17647058823528,True,13,1,0,0,0,1,0,0,0,0,11,1,0,0.0,0,0,0,0,2,0,1,0,0,0,0,0.0,11,0.0,1,0
gpt_5_4_nano__reasoning_high,gpt_5_4_nano__reasoning_high.jsonl,high,3,breakfast,"Cheesy Egg, Bacon & Broccoli Muffins",0.077,0.08,-0.0030000000000000027,0.0030000000000000027,3.7500000000000036,True,15,1,0,0,0,1,0,0,0,0,10,2,0,0.0,0,0,0,0,2,0,1,0,0,0,0,0.0,10,0.0,0,1
gpt_5_4_nano__reasoning_high,gpt_5_4_nano__reasoning_high.jsonl,high,4,breakfast,Glorious Green Smoothie Bowl,0.19,0.17,0.01999999999999999,0.01999999999999999,11.764705882352935,True,14,1,0,0,0,1,0,0,0,0,6,0,0,0.0,0,0,0,0,2,0,1,0,0,0,0,0.0,6,0.0,1,0
gpt_5_4_nano__reasoning_high,gpt_5_4_nano__reasoning_high.jsonl,high,5,anytime_meals,Sesame-Ginger Turkey Meatballs,0.24,0.04,0.19999999999999998,0.19999999999999998,499.9999999999999,True,14,1,0,0,0,1,0,0,0,0,14,3,0,0.0,0,0,0,0,2,0,1,0,0,0,0,0.0,14,0.0,1,0
gpt_5_4_nano__reasoning_high,gpt_5_4_nano__reasoning_high.jsonl,high,6,anytime_meals,Chicken and Broccoli Piccata,0.16,0.13,0.03,0.03,23.076923076923077,True,14,1,0,0,0,1,0,0,0,0,14,3,0,0.0,0,0,0,0,2,0,1,0,0,0,0,0.0,14,0.0,1,0
gpt_5_4_nano__reasoning_high,gpt_5_4_nano__reasoning_high.jsonl,high,7,anytime_meals,Chicken Fajitas with Lime Sauce,0.22,0.12,0.1,0.1,83.33333333333334,True,14,1,0,0,0,1,0,0,0,0,18,4,0,0.0,0,0,0,0,2,0,1,0,0,0,0,0.0,18,0.0,1,0
gpt_5_4_nano__reasoning_high,gpt_5_4_nano__reasoning_high.jsonl,high,8,anytime_meals,One-Pot Beef & Mushroom Lasagna,0.41,0.09,0.31999999999999995,0.31999999999999995,355.55555555555554,True,15,1,0,0,0,1,0,0,0,0,13,2,0,0.0,0,0,0,0,2,0,1,0,0,0,0,0.0,13,0.0,1,0
gpt_5_4_nano__reasoning_high,gpt_5_4_nano__reasoning_high.jsonl,high,9,anytime_meals,Pork Tenderloin with Dijon Gravy,0.12,0.14,-0.020000000000000018,0.020000000000000018,14.285714285714295,True,15,1,0,0,0,1,0,0,0,0,10,2,0,0.0,0,0,0,0,2,0,1,0,0,0,0,0.0,10,0.0,0,1
gpt_5_4_nano__reasoning_high,gpt_5_4_nano__reasoning_high.jsonl,high,10,anytime_meals,Fish Tacos with Crunchy Slaw,0.34,0.14,0.2,0.2,142.85714285714286,True,15,1,0,0,0,1,0,0,0,0,17,1,0,0.0,0,0,0,0,2,0,1,0,0,0,0,0.0,17,0.0,1,0
gpt_5_4_nano__reasoning_high,gpt_5_4_nano__reasoning_high.jsonl,high,11,anytime_meals,Chicken Sausage Garden Pasta,0.82,0.04,0.7799999999999999,0.7799999999999999,1949.9999999999995,True,14,1,0,0,0,1,0,0,0,0,10,3,1,10.0,0,0,0,0,2,0,1,0,0,0,0,0.0,9,0.1,1,0
gpt_5_4_nano__reasoning_high,gpt_5_4_nano__reasoning_high.jsonl,high,12,anytime_meals,Roasted Cauliflower Power Salad,0.29,0.12,0.16999999999999998,0.16999999999999998,141.66666666666666,True,13,1,0,0,0,1,0,0,0,0,18,1,0,0.0,0,0,0,0,2,0,1,0,0,0,0,0.0,18,0.0,1,0
gpt_5_4_nano__reasoning_high,gpt_5_4_nano__reasoning_high.jsonl,high,13,anytime_meals,Simple Greek Salad,0.095,0.12,-0.024999999999999994,0.024999999999999994,20.83333333333333,True,13,1,0,0,0,1,0,0,0,0,16,1,0,0.0,0,0,0,0,2,0,1,0,0,0,0,0.0,16,0.0,0,1
gpt_5_4_nano__reasoning_high,gpt_5_4_nano__reasoning_high.jsonl,high,14,anytime_meals,Apple-Celery Chicken Salad,0.061,0.1,-0.03900000000000001,0.03900000000000001,39.00000000000001,True,14,1,0,0,0,1,0,0,0,0,11,4,0,0.0,0,0,0,0,2,0,1,0,0,0,0,0.0,11,0.0,0,1
gpt_5_4_nano__reasoning_high,gpt_5_4_nano__reasoning_high.jsonl,high,15,anytime_meals,Harvest Crunch Kale & Chicken Salad,1.3,0.19,1.11,1.11,584.2105263157896,True,15,1,0,0,0,1,0,0,0,0,15,2,0,0.0,0,0,0,0,2,0,1,0,0,0,0,0.0,15,0.0,1,0
gpt_5_4_nano__reasoning_high,gpt_5_4_nano__reasoning_high.jsonl,high,16,desserts,Citrus-Berry Ricotta Parfaits,0.095,0.1,-0.0050000000000000044,0.0050000000000000044,5.000000000000004,True,14,1,0,0,0,1,0,0,0,0,6,1,0,0.0,0,0,0,0,2,0,1,0,0,0,0,0.0,6,0.0,0,1
gpt_5_4_nano__reasoning_high,gpt_5_4_nano__reasoning_high.jsonl,high,17,desserts,Crispy Rice Cereal Treats,0.052,0.02,0.032,0.032,160.0,True,14,1,0,0,0,1,0,0,0,0,6,1,0,0.0,0,0,0,0,2,0,1,0,0,0,0,0.0,6,0.0,1,0
gpt_5_4_nano__reasoning_high,gpt_5_4_nano__reasoning_high.jsonl,high,18,desserts,Carob Chip Cranberry Cookies,0.05,0.03,0.020000000000000004,0.020000000000000004,66.66666666666669,True,14,1,0,0,0,1,0,0,0,0,12,1,0,0.0,0,0,0,0,2,0,1,0,0,0,0,0.0,12,0.0,1,0
gpt_5_4_nano__reasoning_high,gpt_5_4_nano__reasoning_high.jsonl,high,19,desserts,Pumpkin Cinnamon Bars,0.035,0.06,-0.024999999999999994,0.024999999999999994,41.66666666666666,True,13,1,0,0,0,1,0,0,0,0,12,2,0,0.0,0,0,0,0,2,0,1,0,0,0,0,0.0,12,0.0,0,1
gpt_5_4_nano__reasoning_high,gpt_5_4_nano__reasoning_high.jsonl,high,20,desserts,Carob Cupcakes with Cream Cheese Frosting,0.047,0.03,0.017,0.017,56.66666666666668,True,16,1,0,0,0,1,0,0,0,0,15,4,0,0.0,0,0,0,0,3,0,1,0,0,0,0,0.0,15,0.0,1,0
gpt_5_4_nano__reasoning_low,gpt_5_4_nano__reasoning_low.jsonl,low,0,breakfast,Scrambled Egg & Black Bean Burritos,0.246,0.15,0.096,0.096,64.0,True,15,1,0,0,0,1,0,0,0,0,11,1,0,0.0,0,0,0,0,2,0,1,0,0,0,0,0.0,11,0.0,1,0
gpt_5_4_nano__reasoning_low,gpt_5_4_nano__reasoning_low.jsonl,low,1,breakfast,Cranberry Carrot Muffins,0.07,0.06,0.010000000000000009,0.010000000000000009,16.666666666666682,True,13,1,0,0,0,1,0,0,0,0,15,1,0,0.0,0,0,0,0,2,0,1,0,0,0,0,0.0,15,0.0,1,0
gpt_5_4_nano__reasoning_low,gpt_5_4_nano__reasoning_low.jsonl,low,2,breakfast,Blueberry Banana Pancakes,0.27,0.17,0.1,0.1,58.82352941176471,True,13,1,0,0,0,1,0,0,0,0,11,1,0,0.0,0,0,0,0,2,0,1,0,0,0,0,0.0,11,0.0,1,0
gpt_5_4_nano__reasoning_low,gpt_5_4_nano__reasoning_low.jsonl,low,3,breakfast,"Cheesy Egg, Bacon & Broccoli Muffins",0.16,0.08,0.08,0.08,100.0,True,15,1,0,0,0,1,0,0,0,0,10,2,0,0.0,0,0,0,0,2,0,1,0,0,0,0,0.0,10,0.0,1,0
gpt_5_4_nano__reasoning_low,gpt_5_4_nano__reasoning_low.jsonl,low,4,breakfast,Glorious Green Smoothie Bowl,0.28,0.17,0.11000000000000001,0.11000000000000001,64.70588235294117,True,14,1,0,0,0,1,0,0,0,0,6,0,0,0.0,0,0,0,0,2,0,1,0,0,0,0,0.0,6,0.0,1,0
gpt_5_4_nano__reasoning_low,gpt_5_4_nano__reasoning_low.jsonl,low,5,anytime_meals,Sesame-Ginger Turkey Meatballs,0.16,0.04,0.12,0.12,300.0,True,13,1,0,0,0,1,0,0,0,0,14,3,0,0.0,0,0,0,0,2,0,1,0,0,0,0,0.0,14,0.0,1,0
gpt_5_4_nano__reasoning_low,gpt_5_4_nano__reasoning_low.jsonl,low,6,anytime_meals,Chicken and Broccoli Piccata,0.175,0.13,0.044999999999999984,0.044999999999999984,34.615384615384606,True,14,1,0,0,0,1,0,0,0,0,14,3,0,0.0,0,0,0,0,2,0,1,0,0,0,0,0.0,14,0.0,1,0
gpt_5_4_nano__reasoning_low,gpt_5_4_nano__reasoning_low.jsonl,low,7,anytime_meals,Chicken Fajitas with Lime Sauce,0.34,0.12,0.22000000000000003,0.22000000000000003,183.33333333333337,True,15,1,0,0,0,1,0,0,0,0,18,4,0,0.0,0,0,0,0,2,0,1,0,0,0,0,0.0,18,0.0,1,0
gpt_5_4_nano__reasoning_low,gpt_5_4_nano__reasoning_low.jsonl,low,8,anytime_meals,One-Pot Beef & Mushroom Lasagna,0.43,0.09,0.33999999999999997,0.33999999999999997,377.77777777777777,True,15,1,0,0,0,1,0,0,0,0,13,2,0,0.0,0,0,0,0,2,0,1,0,0,0,0,0.0,13,0.0,1,0
gpt_5_4_nano__reasoning_low,gpt_5_4_nano__reasoning_low.jsonl,low,9,anytime_meals,Pork Tenderloin with Dijon Gravy,0.13,0.14,-0.010000000000000009,0.010000000000000009,7.142857142857148,True,15,1,0,0,0,1,0,0,0,0,10,2,0,0.0,0,0,0,0,2,0,1,0,0,0,0,0.0,10,0.0,0,1
gpt_5_4_nano__reasoning_low,gpt_5_4_nano__reasoning_low.jsonl,low,10,anytime_meals,Fish Tacos with Crunchy Slaw,0.25,0.14,0.10999999999999999,0.10999999999999999,78.57142857142856,True,15,1,0,0,0,1,0,0,0,0,17,1,0,0.0,0,0,0,0,2,0,1,0,0,0,0,0.0,17,0.0,1,0
gpt_5_4_nano__reasoning_low,gpt_5_4_nano__reasoning_low.jsonl,low,11,anytime_meals,Chicken Sausage Garden Pasta,7.0,0.04,6.96,6.96,17400.0,True,14,1,0,0,0,1,0,0,0,0,10,3,1,10.0,0,0,0,0,2,0,1,0,0,0,0,0.0,9,0.1,1,0
gpt_5_4_nano__reasoning_low,gpt_5_4_nano__reasoning_low.jsonl,low,12,anytime_meals,Roasted Cauliflower Power Salad,0.19,0.12,0.07,0.07,58.333333333333336,True,14,1,0,0,0,1,0,0,0,0,18,1,0,0.0,0,0,0,0,2,0,1,0,0,0,0,0.0,18,0.0,1,0
gpt_5_4_nano__reasoning_low,gpt_5_4_nano__reasoning_low.jsonl,low,13,anytime_meals,Simple Greek Salad,0.43,0.12,0.31,0.31,258.33333333333337,True,13,1,0,0,0,1,0,0,0,0,16,1,0,0.0,0,0,0,0,2,0,1,0,0,0,0,0.0,16,0.0,1,0
gpt_5_4_nano__reasoning_low,gpt_5_4_nano__reasoning_low.jsonl,low,14,anytime_meals,Apple-Celery Chicken Salad,0.07,0.1,-0.03,0.03,30.0,True,14,1,0,0,0,1,0,0,0,0,11,4,0,0.0,0,0,0,0,2,0,1,0,0,0,0,0.0,11,0.0,0,1
gpt_5_4_nano__reasoning_low,gpt_5_4_nano__reasoning_low.jsonl,low,15,anytime_meals,Harvest Crunch Kale & Chicken Salad,0.41,0.19,0.21999999999999997,0.21999999999999997,115.7894736842105,True,15,1,0,0,0,1,0,0,0,0,15,2,0,0.0,0,0,0,0,2,0,1,0,0,0,0,0.0,15,0.0,1,0
gpt_5_4_nano__reasoning_low,gpt_5_4_nano__reasoning_low.jsonl,low,16,desserts,Citrus-Berry Ricotta Parfaits,0.27,0.1,0.17,0.17,170.0,True,14,1,0,0,0,1,0,0,0,0,6,1,0,0.0,0,0,0,0,2,0,1,0,0,0,0,0.0,6,0.0,1,0
gpt_5_4_nano__reasoning_low,gpt_5_4_nano__reasoning_low.jsonl,low,17,desserts,Crispy Rice Cereal Treats,0.034,0.02,0.014000000000000002,0.014000000000000002,70.0,True,14,1,0,0,0,1,0,0,0,0,6,1,0,0.0,0,0,0,0,2,0,1,0,0,0,0,0.0,6,0.0,1,0
gpt_5_4_nano__reasoning_low,gpt_5_4_nano__reasoning_low.jsonl,low,18,desserts,Carob Chip Cranberry Cookies,0.048,0.03,0.018000000000000002,0.018000000000000002,60.00000000000001,True,13,1,0,0,0,1,0,0,0,0,12,1,0,0.0,0,0,0,0,2,0,1,0,0,0,0,0.0,12,0.0,1,0
gpt_5_4_nano__reasoning_low,gpt_5_4_nano__reasoning_low.jsonl,low,19,desserts,Pumpkin Cinnamon Bars,0.064,0.06,0.0040000000000000036,0.0040000000000000036,6.666666666666673,True,13,1,0,0,0,1,0,0,0,0,12,2,0,0.0,0,0,0,0,2,0,1,0,0,0,0,0.0,12,0.0,1,0
gpt_5_4_nano__reasoning_low,gpt_5_4_nano__reasoning_low.jsonl,low,20,desserts,Carob Cupcakes with Cream Cheese Frosting,0.67,0.03,0.64,0.64,2133.3333333333335,True,16,1,0,0,0,1,0,0,0,0,15,4,0,0.0,0,0,0,0,3,0,1,0,0,0,0,0.0,15,0.0,1,0
gpt_5_4_nano__reasoning_low,gpt_5_4_nano__reasoning_low.jsonl,low,21,snacks,Rice Cakes with Peanut Butter and Strawberries,0.24,0.16,0.07999999999999999,0.07999999999999999,49.999999999999986,True,16,1,0,0,0,1,0,0,0,0,3,3,0,0.0,0,0,0,0,2,0,1,0,0,0,0,0.0,3,0.0,1,0
gpt_5_4_nano__reasoning_low,gpt_5_4_nano__reasoning_low.jsonl,low,22,snacks,Avocado Toast with Feta,0.12,0.23,-0.11000000000000001,0.11000000000000001,47.82608695652174,True,14,1,0,0,0,1,0,0,0,0,3,3,0,0.0,0,0,0,0,2,0,1,0,0,0,0,0.0,3,0.0,0,1
gpt_5_4_nano__reasoning_low,gpt_5_4_nano__reasoning_low.jsonl,low,23,snacks,Trail Mix Snack,0.28,0.1,0.18000000000000002,0.18000000000000002,180.0,True,13,1,0,0,0,1,0,0,0,0,4,0,0,0.0,0,0,0,0,2,0,1,0,0,0,0,0.0,4,0.0,1,0
gpt_5_4_nano__reasoning_low,gpt_5_4_nano__reasoning_low.jsonl,low,24,snacks,Almond Butter Apple Snack,0.08,0.14,-0.06000000000000001,0.06000000000000001,42.85714285714286,True,14,1,0,0,0,1,0,0,0,0,2,2,0,0.0,0,0,0,0,2,0,1,0,0,0,0,0.0,2,0.0,0,1
gpt_5_4_nano__reasoning_low,gpt_5_4_nano__reasoning_low.jsonl,low,25,snacks,Hummus with Bell Pepper,0.25,0.14,0.10999999999999999,0.10999999999999999,78.57142857142856,True,14,1,0,0,0,1,0,0,0,0,2,2,0,0.0,0,0,0,0,2,0,1,0,0,0,0,0.0,2,0.0,1,0
gpt_5_4_nano__reasoning_medium,gpt_5_4_nano__reasoning_medium.jsonl,medium,1,breakfast,Cranberry Carrot Muffins,,0.06,,0.03,50.0,True,8,1,0,0,0,1,0,0,0,0,15,1,0,0.0,0,0,0,0,1,0,1,0,0,0,0,0.0,15,0.0,0,0
gpt_5_4_nano__reasoning_medium,gpt_5_4_nano__reasoning_medium.jsonl,medium,2,breakfast,Blueberry Banana Pancakes,,0.17,,0.03,17.64705882352941,True,11,1,0,0,0,1,0,0,0,0,11,1,0,0.0,0,0,0,0,1,0,1,0,0,0,0,0.0,11,0.0,0,0
gpt_5_4_nano__reasoning_medium,gpt_5_4_nano__reasoning_medium.jsonl,medium,3,breakfast,"Cheesy Egg, Bacon & Broccoli Muffins",,0.08,,0.06000000000000001,75.00000000000001,True,7,1,0,0,0,1,0,0,0,0,10,2,0,0.0,0,0,0,0,0,0,0,0,0,0,0,0.0,10,0.0,0,0
gpt_5_4_nano__reasoning_medium,gpt_5_4_nano__reasoning_medium.jsonl,medium,9,anytime_meals,Pork Tenderloin with Dijon Gravy,,0.14,,0.010000000000000009,7.142857142857148,True,6,1,0,0,0,0,0,0,0,0,10,2,0,0.0,0,0,0,0,0,0,0,0,0,0,0,0.0,10,0.0,0,0
gpt_5_4_nano__reasoning_medium,gpt_5_4_nano__reasoning_medium.jsonl,medium,14,anytime_meals,Apple-Celery Chicken Salad,0.07,0.1,-0.03,0.03,30.0,True,14,1,0,0,0,1,0,0,0,0,11,4,0,0.0,0,0,0,0,2,0,1,0,0,0,0,0.0,11,0.0,0,1
gpt_5_4_nano__reasoning_medium,gpt_5_4_nano__reasoning_medium.jsonl,medium,15,anytime_meals,Harvest Crunch Kale & Chicken Salad,,0.19,,0.21999999999999997,115.7894736842105,True,10,1,0,0,0,1,0,0,0,0,15,2,0,0.0,0,0,0,0,1,0,1,0,0,0,0,0.0,15,0.0,0,0
gpt_5_4_nano__reasoning_medium,gpt_5_4_nano__reasoning_medium.jsonl,medium,16,desserts,Citrus-Berry Ricotta Parfaits,0.07,0.1,-0.03,0.03,30.0,True,14,1,0,0,0,1,0,0,0,0,6,1,0,0.0,0,0,0,0,2,0,1,0,0,0,0,0.0,6,0.0,0,1
gpt_5_4_nano__reasoning_medium,gpt_5_4_nano__reasoning_medium.jsonl,medium,19,desserts,Pumpkin Cinnamon Bars,0.041,0.06,-0.018999999999999996,0.018999999999999996,31.66666666666666,True,13,1,0,0,0,1,0,0,0,0,12,2,0,0.0,0,0,0,0,2,0,1,0,0,0,0,0.0,12,0.0,0,1
gpt_5_4_nano__reasoning_medium,gpt_5_4_nano__reasoning_medium.jsonl,medium,21,snacks,Rice Cakes with Peanut Butter and Strawberries,0.48,0.16,0.31999999999999995,0.31999999999999995,199.99999999999994,True,17,1,0,0,0,1,0,0,0,0,3,3,0,0.0,0,0,0,0,2,0,1,0,0,0,0,0.0,3,0.0,1,0
gpt_5_4_nano__reasoning_medium,gpt_5_4_nano__reasoning_medium.jsonl,medium,22,snacks,Avocado Toast with Feta,0.1,0.23,-0.13,0.13,56.52173913043478,True,13,1,0,0,0,1,0,0,0,0,3,3,0,0.0,0,0,0,0,2,0,1,0,0,0,0,0.0,3,0.0,0,1
gpt_5_4_nano__reasoning_medium,gpt_5_4_nano__reasoning_medium.jsonl,medium,23,snacks,Trail Mix Snack,0.22,0.1,0.12,0.12,120.0,True,13,1,0,0,0,1,0,0,0,0,4,0,0,0.0,0,0,0,0,2,0,1,0,0,0,0,0.0,4,0.0,1,0
gpt_5_4_nano__reasoning_medium,gpt_5_4_nano__reasoning_medium.jsonl,medium,24,snacks,Almond Butter Apple Snack,0.21,0.14,0.06999999999999998,0.06999999999999998,49.99999999999998,True,14,1,0,0,0,1,0,0,0,0,2,2,0,0.0,0,0,0,0,2,0,1,0,0,0,0,0.0,2,0.0,1,0
gpt_5_4_nano__reasoning_medium,gpt_5_4_nano__reasoning_medium.jsonl,medium,25,snacks,Hummus with Bell Pepper,0.1,0.14,-0.04000000000000001,0.04000000000000001,28.571428571428577,True,14,1,0,0,0,1,0,0,0,0,2,2,0,0.0,0,0,0,0,2,0,1,0,0,0,0,0.0,2,0.0,0,1
gpt_5_4_nano__reasoning_medium,gpt_5_4_nano__reasoning_medium.jsonl,medium,0,breakfast,Scrambled Egg & Black Bean Burritos,0.25,0.15,0.1,0.1,66.66666666666667,True,15,1,0,0,0,1,0,0,0,0,11,1,0,0.0,0,0,0,0,2,0,1,0,0,0,0,0.0,11,0.0,1,0
gpt_5_4_nano__reasoning_medium,gpt_5_4_nano__reasoning_medium.jsonl,medium,4,breakfast,Glorious Green Smoothie Bowl,0.28,0.17,0.11000000000000001,0.11000000000000001,64.70588235294117,True,13,1,0,0,0,1,0,0,0,0,6,0,0,0.0,0,0,0,0,2,0,1,0,0,0,0,0.0,6,0.0,1,0
gpt_5_4_nano__reasoning_medium,gpt_5_4_nano__reasoning_medium.jsonl,medium,5,anytime_meals,Sesame-Ginger Turkey Meatballs,0.29,0.04,0.24999999999999997,0.24999999999999997,624.9999999999999,True,14,1,0,0,0,1,0,0,0,0,14,3,0,0.0,0,0,0,0,2,0,1,0,0,0,0,0.0,14,0.0,1,0
gpt_5_4_nano__reasoning_medium,gpt_5_4_nano__reasoning_medium.jsonl,medium,6,anytime_meals,Chicken and Broccoli Piccata,0.21,0.13,0.07999999999999999,0.07999999999999999,61.53846153846153,True,14,1,0,0,0,1,0,0,0,0,14,3,0,0.0,0,0,0,0,2,0,1,0,0,0,0,0.0,14,0.0,1,0
gpt_5_4_nano__reasoning_medium,gpt_5_4_nano__reasoning_medium.jsonl,medium,7,anytime_meals,Chicken Fajitas with Lime Sauce,0.31,0.12,0.19,0.19,158.33333333333334,True,15,1,0,0,0,1,0,0,0,0,18,4,0,0.0,0,0,0,0,2,0,1,0,0,0,0,0.0,18,0.0,1,0
gpt_5_4_nano__reasoning_medium,gpt_5_4_nano__reasoning_medium.jsonl,medium,8,anytime_meals,One-Pot Beef & Mushroom Lasagna,0.38,0.09,0.29000000000000004,0.29000000000000004,322.2222222222223,True,15,1,0,0,0,1,0,0,0,0,13,2,0,0.0,0,0,0,0,2,0,1,0,0,0,0,0.0,13,0.0,1,0
gpt_5_4_nano__reasoning_medium,gpt_5_4_nano__reasoning_medium.jsonl,medium,10,anytime_meals,Fish Tacos with Crunchy Slaw,0.49,0.14,0.35,0.35,249.99999999999994,True,14,1,0,0,0,1,0,0,0,0,17,1,0,0.0,0,0,0,0,2,0,1,0,0,0,0,0.0,17,0.0,1,0
gpt_5_4_nano__reasoning_medium,gpt_5_4_nano__reasoning_medium.jsonl,medium,11,anytime_meals,Chicken Sausage Garden Pasta,0.32,0.04,0.28,0.28,700.0000000000001,True,13,1,0,0,0,1,0,0,0,0,10,3,1,10.0,0,0,0,0,2,0,1,0,0,0,0,0.0,9,0.1,1,0
gpt_5_4_nano__reasoning_medium,gpt_5_4_nano__reasoning_medium.jsonl,medium,12,anytime_meals,Roasted Cauliflower Power Salad,0.31,0.12,0.19,0.19,158.33333333333334,True,14,1,0,0,0,1,0,0,0,0,18,1,0,0.0,0,0,0,0,2,0,1,0,0,0,0,0.0,18,0.0,1,0
gpt_5_4_nano__reasoning_medium,gpt_5_4_nano__reasoning_medium.jsonl,medium,13,anytime_meals,Simple Greek Salad,0.13,0.12,0.010000000000000009,0.010000000000000009,8.333333333333341,True,13,1,0,0,0,1,0,0,0,0,16,1,0,0.0,0,0,0,0,2,0,1,0,0,0,0,0.0,16,0.0,1,0
gpt_5_4_nano__reasoning_medium,gpt_5_4_nano__reasoning_medium.jsonl,medium,17,desserts,Crispy Rice Cereal Treats,0.031,0.02,0.011,0.011,54.99999999999999,True,14,1,0,0,0,1,0,0,0,0,6,1,0,0.0,0,0,0,0,2,0,1,0,0,0,0,0.0,6,0.0,1,0
gpt_5_4_nano__reasoning_medium,gpt_5_4_nano__reasoning_medium.jsonl,medium,18,desserts,Carob Chip Cranberry Cookies,0.061,0.03,0.031,0.031,103.33333333333334,True,14,1,0,0,0,1,0,0,0,0,12,1,0,0.0,0,0,0,0,2,0,1,0,0,0,0,0.0,12,0.0,1,0
gpt_5_4_nano__reasoning_medium,gpt_5_4_nano__reasoning_medium.jsonl,medium,20,desserts,Carob Cupcakes with Cream Cheese Frosting,0.04,0.03,0.010000000000000002,0.010000000000000002,33.33333333333334,True,16,1,0,0,0,1,0,0,0,0,15,4,0,0.0,0,0,0,0,3,0,1,0,0,0,0,0.0,15,0.0,1,0
gpt_5_4_nano__reasoning_medium,gpt_5_4_nano__reasoning_medium.jsonl,medium,1,breakfast,Cranberry Carrot Muffins,0.09,0.06,0.03,0.03,50.0,True,12,1,0,0,0,1,0,0,0,0,15,1,0,0.0,0,0,0,0,2,0,1,0,0,0,0,0.0,15,0.0,1,0
gpt_5_4_nano__reasoning_medium,gpt_5_4_nano__reasoning_medium.jsonl,medium,2,breakfast,Blueberry Banana Pancakes,0.2,0.17,0.03,0.03,17.64705882352941,True,13,1,0,0,0,1,0,0,0,0,11,1,0,0.0,0,0,0,0,2,0,1,0,0,0,0,0.0,11,0.0,1,0
gpt_5_4_nano__reasoning_medium,gpt_5_4_nano__reasoning_medium.jsonl,medium,3,breakfast,"Cheesy Egg, Bacon & Broccoli Muffins",0.14,0.08,0.06000000000000001,0.06000000000000001,75.00000000000001,True,14,1,0,0,0,1,0,0,0,0,10,2,0,0.0,0,0,0,0,2,0,1,0,0,0,0,0.0,10,0.0,1,0
gpt_5_4_nano__reasoning_medium,gpt_5_4_nano__reasoning_medium.jsonl,medium,9,anytime_meals,Pork Tenderloin with Dijon Gravy,0.13,0.14,-0.010000000000000009,0.010000000000000009,7.142857142857148,True,15,1,0,0,0,1,0,0,0,0,10,2,0,0.0,0,0,0,0,2,0,1,0,0,0,0,0.0,10,0.0,0,1
gpt_5_4_nano__reasoning_medium,gpt_5_4_nano__reasoning_medium.jsonl,medium,15,anytime_meals,Harvest Crunch Kale & Chicken Salad,0.41,0.19,0.21999999999999997,0.21999999999999997,115.7894736842105,True,15,1,0,0,0,1,0,0,0,0,15,2,0,0.0,0,0,0,0,2,0,1,0,0,0,0,0.0,15,0.0,1,0
gpt_5_4_pro__reasoning_high,gpt_5_4_pro__reasoning_high.jsonl,high,22,snacks,Avocado Toast with Feta,0.12,0.23,-0.11000000000000001,0.11000000000000001,47.82608695652174,True,13,1,0,0,0,1,0,0,0,0,3,3,0,0.0,0,0,0,0,2,0,1,0,0,0,0,0.0,3,0.0,0,1
gpt_5_4_pro__reasoning_high,gpt_5_4_pro__reasoning_high.jsonl,high,24,snacks,Almond Butter Apple Snack,0.22,0.14,0.07999999999999999,0.07999999999999999,57.14285714285713,True,13,1,0,0,0,1,0,0,0,0,2,2,0,0.0,0,0,0,0,2,0,1,0,0,0,0,0.0,2,0.0,1,0
gpt_5_4_pro__reasoning_high,gpt_5_4_pro__reasoning_high.jsonl,high,25,snacks,Hummus with Bell Pepper,0.19,0.14,0.04999999999999999,0.04999999999999999,35.7142857142857,True,13,1,0,0,0,1,0,0,0,0,2,2,0,0.0,0,0,0,0,2,0,1,0,0,0,0,0.0,2,0.0,1,0
gpt_5_4_pro__reasoning_high,gpt_5_4_pro__reasoning_high.jsonl,high,0,breakfast,Scrambled Egg & Black Bean Burritos,0.17,0.15,0.020000000000000018,0.020000000000000018,13.333333333333346,True,14,1,0,0,0,1,0,0,0,0,11,1,1,9.090909090909092,0,0,0,0,2,0,1,0,0,0,0,0.0,10,0.09090909090909091,1,0
gpt_5_4_pro__reasoning_high,gpt_5_4_pro__reasoning_high.jsonl,high,1,breakfast,Cranberry Carrot Muffins,0.06,0.06,0.0,0.0,0.0,True,12,1,0,0,0,1,0,0,0,0,15,1,0,0.0,0,0,0,0,2,0,1,0,0,0,0,0.0,15,0.0,0,0
gpt_5_4_pro__reasoning_high,gpt_5_4_pro__reasoning_high.jsonl,high,2,breakfast,Blueberry Banana Pancakes,0.21,0.17,0.03999999999999998,0.03999999999999998,23.52941176470587,True,12,1,0,0,0,1,0,0,0,0,11,1,1,9.090909090909092,0,0,0,0,2,0,1,0,0,0,0,0.0,10,0.09090909090909091,1,0
gpt_5_4_pro__reasoning_high,gpt_5_4_pro__reasoning_high.jsonl,high,3,breakfast,"Cheesy Egg, Bacon & Broccoli Muffins",0.093,0.08,0.012999999999999998,0.012999999999999998,16.249999999999996,True,14,1,0,0,0,1,0,0,0,0,10,2,0,0.0,0,0,0,0,2,0,1,0,0,0,0,0.0,10,0.0,1,0
gpt_5_4_pro__reasoning_high,gpt_5_4_pro__reasoning_high.jsonl,high,4,breakfast,Glorious Green Smoothie Bowl,0.17,0.17,0.0,0.0,0.0,True,13,1,0,0,0,1,0,0,0,0,6,0,0,0.0,0,0,0,0,2,0,1,0,0,0,0,0.0,6,0.0,0,0
gpt_5_4_pro__reasoning_high,gpt_5_4_pro__reasoning_high.jsonl,high,5,anytime_meals,Sesame-Ginger Turkey Meatballs,0.12,0.04,0.07999999999999999,0.07999999999999999,199.99999999999994,True,13,1,0,0,0,1,0,0,0,0,14,3,3,21.428571428571427,0,0,0,0,2,0,1,0,0,0,0,0.0,11,0.21428571428571427,1,0
gpt_5_4_pro__reasoning_high,gpt_5_4_pro__reasoning_high.jsonl,high,6,anytime_meals,Chicken and Broccoli Piccata,0.13,0.13,0.0,0.0,0.0,True,13,1,0,0,0,1,0,0,0,0,14,3,0,0.0,0,0,0,0,2,0,1,0,0,0,0,0.0,14,0.0,0,0
gpt_5_4_pro__reasoning_high,gpt_5_4_pro__reasoning_high.jsonl,high,7,anytime_meals,Chicken Fajitas with Lime Sauce,0.18,0.12,0.06,0.06,50.0,True,14,1,0,0,0,1,0,0,0,0,18,4,0,0.0,0,0,0,0,2,0,1,0,0,0,0,0.0,18,0.0,1,0
gpt_5_4_pro__reasoning_high,gpt_5_4_pro__reasoning_high.jsonl,high,8,anytime_meals,One-Pot Beef & Mushroom Lasagna,0.42,0.09,0.32999999999999996,0.32999999999999996,366.66666666666663,True,14,1,0,0,0,1,0,0,0,0,13,2,2,15.384615384615385,0,0,0,0,2,0,1,0,0,0,0,0.0,11,0.15384615384615385,1,0
gpt_5_4_pro__reasoning_high,gpt_5_4_pro__reasoning_high.jsonl,high,9,anytime_meals,Pork Tenderloin with Dijon Gravy,0.1,0.14,-0.04000000000000001,0.04000000000000001,28.571428571428577,True,14,1,0,0,0,1,0,0,0,0,10,2,2,20.0,0,0,0,0,2,0,1,0,0,0,0,0.0,8,0.2,0,1
gpt_5_4_pro__reasoning_high,gpt_5_4_pro__reasoning_high.jsonl,high,10,anytime_meals,Fish Tacos with Crunchy Slaw,0.24,0.14,0.09999999999999998,0.09999999999999998,71.4285714285714,True,14,1,0,0,0,1,0,0,0,0,17,1,1,5.88235294117647,0,0,0,0,2,0,1,0,0,0,0,0.0,16,0.058823529411764705,1,0
gpt_5_4_pro__reasoning_high,gpt_5_4_pro__reasoning_high.jsonl,high,11,anytime_meals,Chicken Sausage Garden Pasta,0.26,0.04,0.22,0.22,550.0,True,13,1,0,0,0,1,0,0,0,0,10,3,1,10.0,0,0,0,0,2,0,1,0,0,0,0,0.0,9,0.1,1,0
gpt_5_4_pro__reasoning_high,gpt_5_4_pro__reasoning_high.jsonl,high,12,anytime_meals,Roasted Cauliflower Power Salad,0.26,0.12,0.14,0.14,116.66666666666667,True,13,1,0,0,0,1,0,0,0,0,18,1,1,5.555555555555555,0,0,0,0,2,0,1,0,0,0,0,0.0,17,0.05555555555555555,1,0
gpt_5_4_pro__reasoning_high,gpt_5_4_pro__reasoning_high.jsonl,high,13,anytime_meals,Simple Greek Salad,0.16,0.12,0.04000000000000001,0.04000000000000001,33.33333333333334,True,12,1,0,0,0,1,0,0,0,0,16,1,0,0.0,0,0,0,0,2,0,1,0,0,0,0,0.0,16,0.0,1,0
gpt_5_4_pro__reasoning_high,gpt_5_4_pro__reasoning_high.jsonl,high,14,anytime_meals,Apple-Celery Chicken Salad,0.055,0.1,-0.045000000000000005,0.045000000000000005,45.0,True,13,1,0,0,0,1,0,0,0,0,11,4,0,0.0,0,0,0,0,2,0,1,0,0,0,0,0.0,11,0.0,0,1
gpt_5_4_pro__reasoning_high,gpt_5_4_pro__reasoning_high.jsonl,high,15,anytime_meals,Harvest Crunch Kale & Chicken Salad,0.21,0.19,0.01999999999999999,0.01999999999999999,10.52631578947368,True,14,1,0,0,0,1,0,0,0,0,15,2,0,0.0,0,0,0,0,2,0,1,0,0,0,0,0.0,15,0.0,1,0
gpt_5_4_pro__reasoning_high,gpt_5_4_pro__reasoning_high.jsonl,high,16,desserts,Citrus-Berry Ricotta Parfaits,0.09,0.1,-0.010000000000000009,0.010000000000000009,10.000000000000009,True,13,1,0,0,0,1,0,0,0,0,6,1,0,0.0,0,0,0,0,2,0,1,0,0,0,0,0.0,6,0.0,0,1
gpt_5_4_pro__reasoning_high,gpt_5_4_pro__reasoning_high.jsonl,high,17,desserts,Crispy Rice Cereal Treats,0.02,0.02,0.0,0.0,0.0,True,13,1,0,0,0,1,0,0,0,0,6,1,1,16.666666666666664,0,0,0,0,2,0,1,0,0,0,0,0.0,5,0.16666666666666666,0,0
gpt_5_4_pro__reasoning_high,gpt_5_4_pro__reasoning_high.jsonl,high,18,desserts,Carob Chip Cranberry Cookies,0.031,0.03,0.0010000000000000009,0.0010000000000000009,3.3333333333333366,True,13,1,0,0,0,1,0,0,0,0,12,1,1,8.333333333333332,0,0,0,0,2,0,1,0,0,0,0,0.0,11,0.08333333333333333,1,0
gpt_5_4_pro__reasoning_high,gpt_5_4_pro__reasoning_high.jsonl,high,19,desserts,Pumpkin Cinnamon Bars,0.045,0.06,-0.015,0.015,25.0,True,12,1,0,0,0,1,0,0,0,0,12,2,0,0.0,0,0,0,0,2,0,1,0,0,0,0,0.0,12,0.0,0,1
gpt_5_4_pro__reasoning_high,gpt_5_4_pro__reasoning_high.jsonl,high,20,desserts,Carob Cupcakes with Cream Cheese Frosting,0.037,0.03,0.006999999999999999,0.006999999999999999,23.333333333333332,True,15,1,0,0,0,1,0,0,0,0,15,4,0,0.0,0,0,0,0,3,0,1,0,0,0,0,0.0,15,0.0,1,0
gpt_5_4_pro__reasoning_high,gpt_5_4_pro__reasoning_high.jsonl,high,21,snacks,Rice Cakes with Peanut Butter and Strawberries,0.22,0.16,0.06,0.06,37.5,True,16,1,0,0,0,1,0,0,0,0,3,3,0,0.0,0,0,0,0,2,0,1,0,0,0,0,0.0,3,0.0,1,0
gpt_5_4_pro__reasoning_high,gpt_5_4_pro__reasoning_high.jsonl,high,23,snacks,Trail Mix Snack,0.16,0.1,0.06,0.06,60.0,True,12,1,0,0,0,1,0,0,0,0,4,0,0,0.0,0,0,0,0,2,0,1,0,0,0,0,0.0,4,0.0,1,0
gpt_5_5__reasoning_high,gpt_5_5__reasoning_high.jsonl,high,2,breakfast,Blueberry Banana Pancakes,0.23,0.17,0.06,0.06,35.29411764705882,True,12,1,0,0,0,1,0,0,0,0,11,1,0,0.0,0,0,0,0,2,0,1,0,0,0,0,0.0,11,0.0,1,0
gpt_5_5__reasoning_high,gpt_5_5__reasoning_high.jsonl,high,4,breakfast,Glorious Green Smoothie Bowl,0.18,0.17,0.009999999999999981,0.009999999999999981,5.8823529411764595,True,13,1,0,0,0,1,0,0,0,0,6,0,0,0.0,0,0,0,0,2,0,1,0,0,0,0,0.0,6,0.0,1,0
gpt_5_5__reasoning_high,gpt_5_5__reasoning_high.jsonl,high,14,anytime_meals,Apple-Celery Chicken Salad,0.05,0.1,-0.05,0.05,50.0,True,13,1,0,0,0,1,0,0,0,0,11,4,0,0.0,0,0,0,0,2,0,1,0,0,0,0,0.0,11,0.0,0,1
gpt_5_5__reasoning_high,gpt_5_5__reasoning_high.jsonl,high,19,desserts,Pumpkin Cinnamon Bars,0.045,0.06,-0.015,0.015,25.0,True,12,1,0,0,0,1,0,0,0,0,12,2,0,0.0,0,0,0,0,2,0,1,0,0,0,0,0.0,12,0.0,0,1
gpt_5_5__reasoning_high,gpt_5_5__reasoning_high.jsonl,high,21,snacks,Rice Cakes with Peanut Butter and Strawberries,0.25,0.16,0.09,0.09,56.25,True,16,1,0,0,0,1,0,0,0,0,3,3,0,0.0,0,0,0,0,2,0,1,0,0,0,0,0.0,3,0.0,1,0
gpt_5_5__reasoning_high,gpt_5_5__reasoning_high.jsonl,high,22,snacks,Avocado Toast with Feta,0.14,0.23,-0.09,0.09,39.13043478260869,True,13,1,0,0,0,1,0,0,0,0,3,3,0,0.0,0,0,0,0,2,0,1,0,0,0,0,0.0,3,0.0,0,1
gpt_5_5__reasoning_high,gpt_5_5__reasoning_high.jsonl,high,24,snacks,Almond Butter Apple Snack,0.2,0.14,0.06,0.06,42.85714285714285,True,13,1,0,0,0,1,0,0,0,0,2,2,0,0.0,0,0,0,0,2,0,1,0,0,0,0,0.0,2,0.0,1,0
gpt_5_5__reasoning_high,gpt_5_5__reasoning_high.jsonl,high,0,breakfast,Scrambled Egg & Black Bean Burritos,0.17,0.15,0.020000000000000018,0.020000000000000018,13.333333333333346,True,14,1,0,0,0,1,0,0,0,0,11,1,0,0.0,0,0,0,0,2,0,1,0,0,0,0,0.0,11,0.0,1,0
gpt_5_5__reasoning_high,gpt_5_5__reasoning_high.jsonl,high,1,breakfast,Cranberry Carrot Muffins,0.058,0.06,-0.001999999999999995,0.001999999999999995,3.333333333333325,True,12,1,0,0,0,1,0,0,0,0,15,1,0,0.0,0,0,0,0,2,0,1,0,0,0,0,0.0,15,0.0,0,1
gpt_5_5__reasoning_high,gpt_5_5__reasoning_high.jsonl,high,3,breakfast,"Cheesy Egg, Bacon & Broccoli Muffins",0.095,0.08,0.015,0.015,18.75,True,14,1,0,0,0,1,0,0,0,0,10,2,0,0.0,0,0,0,0,2,0,1,0,0,0,0,0.0,10,0.0,1,0
gpt_5_5__reasoning_high,gpt_5_5__reasoning_high.jsonl,high,5,anytime_meals,Sesame-Ginger Turkey Meatballs,0.12,0.04,0.07999999999999999,0.07999999999999999,199.99999999999994,True,13,1,0,0,0,1,0,0,0,0,14,3,0,0.0,0,0,0,0,2,0,1,0,0,0,0,0.0,14,0.0,1,0
gpt_5_5__reasoning_high,gpt_5_5__reasoning_high.jsonl,high,6,anytime_meals,Chicken and Broccoli Piccata,0.13,0.13,0.0,0.0,0.0,True,13,1,0,0,0,1,0,0,0,0,14,3,0,0.0,0,0,0,0,2,0,1,0,0,0,0,0.0,14,0.0,0,0
gpt_5_5__reasoning_high,gpt_5_5__reasoning_high.jsonl,high,7,anytime_meals,Chicken Fajitas with Lime Sauce,0.21,0.12,0.09,0.09,75.0,True,14,1,0,0,0,1,0,0,0,0,18,4,0,0.0,0,0,0,0,2,0,1,0,0,0,0,0.0,18,0.0,1,0
gpt_5_5__reasoning_high,gpt_5_5__reasoning_high.jsonl,high,8,anytime_meals,One-Pot Beef & Mushroom Lasagna,0.43,0.09,0.33999999999999997,0.33999999999999997,377.77777777777777,True,14,1,0,0,0,1,0,0,0,0,13,2,0,0.0,0,0,0,0,2,0,1,0,0,0,0,0.0,13,0.0,1,0
gpt_5_5__reasoning_high,gpt_5_5__reasoning_high.jsonl,high,9,anytime_meals,Pork Tenderloin with Dijon Gravy,0.1,0.14,-0.04000000000000001,0.04000000000000001,28.571428571428577,True,14,1,0,0,0,1,0,0,0,0,10,2,0,0.0,0,0,0,0,2,0,1,0,0,0,0,0.0,10,0.0,0,1
gpt_5_5__reasoning_high,gpt_5_5__reasoning_high.jsonl,high,10,anytime_meals,Fish Tacos with Crunchy Slaw,0.24,0.14,0.09999999999999998,0.09999999999999998,71.4285714285714,True,14,1,0,0,0,1,0,0,0,0,17,1,0,0.0,0,0,0,0,2,0,1,0,0,0,0,0.0,17,0.0,1,0
gpt_5_5__reasoning_high,gpt_5_5__reasoning_high.jsonl,high,11,anytime_meals,Chicken Sausage Garden Pasta,0.32,0.04,0.28,0.28,700.0000000000001,True,13,1,0,0,0,1,0,0,0,0,10,3,1,10.0,0,0,0,0,2,0,1,0,0,0,0,0.0,9,0.1,1,0
gpt_5_5__reasoning_high,gpt_5_5__reasoning_high.jsonl,high,12,anytime_meals,Roasted Cauliflower Power Salad,0.26,0.12,0.14,0.14,116.66666666666667,True,13,1,0,0,0,1,0,0,0,0,18,1,0,0.0,0,0,0,0,2,0,1,0,0,0,0,0.0,18,0.0,1,0
gpt_5_5__reasoning_high,gpt_5_5__reasoning_high.jsonl,high,13,anytime_meals,Simple Greek Salad,0.18,0.12,0.06,0.06,50.0,True,12,1,0,0,0,1,0,0,0,0,16,1,0,0.0,0,0,0,0,2,0,1,0,0,0,0,0.0,16,0.0,1,0
gpt_5_5__reasoning_high,gpt_5_5__reasoning_high.jsonl,high,15,anytime_meals,Harvest Crunch Kale & Chicken Salad,0.18,0.19,-0.010000000000000009,0.010000000000000009,5.263157894736847,True,14,1,0,0,0,1,0,0,0,0,15,2,0,0.0,0,0,0,0,2,0,1,0,0,0,0,0.0,15,0.0,0,1
gpt_5_5__reasoning_high,gpt_5_5__reasoning_high.jsonl,high,16,desserts,Citrus-Berry Ricotta Parfaits,0.095,0.1,-0.0050000000000000044,0.0050000000000000044,5.000000000000004,True,13,1,0,0,0,1,0,0,0,0,6,1,0,0.0,0,0,0,0,2,0,1,0,0,0,0,0.0,6,0.0,0,1
gpt_5_5__reasoning_high,gpt_5_5__reasoning_high.jsonl,high,17,desserts,Crispy Rice Cereal Treats,0.042,0.02,0.022000000000000002,0.022000000000000002,110.00000000000001,True,13,1,0,0,0,1,0,0,0,0,6,1,0,0.0,0,0,0,0,2,0,1,0,0,0,0,0.0,6,0.0,1,0
gpt_5_5__reasoning_high,gpt_5_5__reasoning_high.jsonl,high,18,desserts,Carob Chip Cranberry Cookies,0.052,0.03,0.022,0.022,73.33333333333333,True,13,1,0,0,0,1,0,0,0,0,12,1,0,0.0,0,0,0,0,2,0,1,0,0,0,0,0.0,12,0.0,1,0
gpt_5_5__reasoning_high,gpt_5_5__reasoning_high.jsonl,high,20,desserts,Carob Cupcakes with Cream Cheese Frosting,0.041,0.03,0.011000000000000003,0.011000000000000003,36.66666666666668,True,15,1,0,0,0,1,0,0,0,0,15,4,0,0.0,0,0,0,0,3,0,1,0,0,0,0,0.0,15,0.0,1,0
gpt_5_5__reasoning_high,gpt_5_5__reasoning_high.jsonl,high,23,snacks,Trail Mix Snack,0.17,0.1,0.07,0.07,70.0,True,12,1,0,0,0,1,0,0,0,0,4,0,0,0.0,0,0,0,0,2,0,1,0,0,0,0,0.0,4,0.0,1,0
gpt_5_5__reasoning_high,gpt_5_5__reasoning_high.jsonl,high,25,snacks,Hummus with Bell Pepper,0.16,0.14,0.01999999999999999,0.01999999999999999,14.285714285714276,True,13,1,0,0,0,1,0,0,0,0,2,2,0,0.0,0,0,0,0,2,0,1,0,0,0,0,0.0,2,0.0,1,0
gpt_5_5__reasoning_low,gpt_5_5__reasoning_low.jsonl,low,0,breakfast,Scrambled Egg & Black Bean Burritos,0.18,0.15,0.03,0.03,20.0,True,14,1,0,0,0,1,0,0,0,0,11,1,0,0.0,0,0,0,0,2,0,1,0,0,0,0,0.0,11,0.0,1,0
gpt_5_5__reasoning_low,gpt_5_5__reasoning_low.jsonl,low,1,breakfast,Cranberry Carrot Muffins,0.05,0.06,-0.009999999999999995,0.009999999999999995,16.66666666666666,True,12,1,0,0,0,1,0,0,0,0,15,1,0,0.0,0,0,0,0,2,0,1,0,0,0,0,0.0,15,0.0,0,1
gpt_5_5__reasoning_low,gpt_5_5__reasoning_low.jsonl,low,2,breakfast,Blueberry Banana Pancakes,0.21,0.17,0.03999999999999998,0.03999999999999998,23.52941176470587,True,12,1,0,0,0,1,0,0,0,0,11,1,0,0.0,0,0,0,0,2,0,1,0,0,0,0,0.0,11,0.0,1,0
gpt_5_5__reasoning_low,gpt_5_5__reasoning_low.jsonl,low,3,breakfast,"Cheesy Egg, Bacon & Broccoli Muffins",0.1,0.08,0.020000000000000004,0.020000000000000004,25.000000000000007,True,14,1,0,0,0,1,0,0,0,0,10,2,0,0.0,0,0,0,0,2,0,1,0,0,0,0,0.0,10,0.0,1,0
gpt_5_5__reasoning_low,gpt_5_5__reasoning_low.jsonl,low,4,breakfast,Glorious Green Smoothie Bowl,0.22,0.17,0.04999999999999999,0.04999999999999999,29.411764705882344,True,13,1,0,0,0,1,0,0,0,0,6,0,0,0.0,0,0,0,0,2,0,1,0,0,0,0,0.0,6,0.0,1,0
gpt_5_5__reasoning_low,gpt_5_5__reasoning_low.jsonl,low,5,anytime_meals,Sesame-Ginger Turkey Meatballs,0.09,0.04,0.049999999999999996,0.049999999999999996,124.99999999999997,True,13,1,0,0,0,1,0,0,0,0,14,3,0,0.0,0,0,0,0,2,0,1,0,0,0,0,0.0,14,0.0,1,0
gpt_5_5__reasoning_low,gpt_5_5__reasoning_low.jsonl,low,6,anytime_meals,Chicken and Broccoli Piccata,0.12,0.13,-0.010000000000000009,0.010000000000000009,7.692307692307699,True,13,1,0,0,0,1,0,0,0,0,14,3,0,0.0,0,0,0,0,2,0,1,0,0,0,0,0.0,14,0.0,0,1
gpt_5_5__reasoning_low,gpt_5_5__reasoning_low.jsonl,low,7,anytime_meals,Chicken Fajitas with Lime Sauce,0.19,0.12,0.07,0.07,58.333333333333336,True,14,1,0,0,0,1,0,0,0,0,18,4,0,0.0,0,0,0,0,2,0,1,0,0,0,0,0.0,18,0.0,1,0
gpt_5_5__reasoning_low,gpt_5_5__reasoning_low.jsonl,low,8,anytime_meals,One-Pot Beef & Mushroom Lasagna,0.45,0.09,0.36,0.36,400.0,True,14,1,0,0,0,1,0,0,0,0,13,2,0,0.0,0,0,0,0,2,0,1,0,0,0,0,0.0,13,0.0,1,0
gpt_5_5__reasoning_low,gpt_5_5__reasoning_low.jsonl,low,9,anytime_meals,Pork Tenderloin with Dijon Gravy,0.09,0.14,-0.05000000000000002,0.05000000000000002,35.71428571428572,True,14,1,0,0,0,1,0,0,0,0,10,2,0,0.0,0,0,0,0,2,0,1,0,0,0,0,0.0,10,0.0,0,1
gpt_5_5__reasoning_low,gpt_5_5__reasoning_low.jsonl,low,10,anytime_meals,Fish Tacos with Crunchy Slaw,0.23,0.14,0.09,0.09,64.28571428571428,True,14,1,0,0,0,1,0,0,0,0,17,1,0,0.0,0,0,0,0,2,0,1,0,0,0,0,0.0,17,0.0,1,0
gpt_5_5__reasoning_low,gpt_5_5__reasoning_low.jsonl,low,11,anytime_meals,Chicken Sausage Garden Pasta,0.31,0.04,0.27,0.27,675.0,True,13,1,0,0,0,1,0,0,0,0,10,3,1,10.0,0,0,0,0,2,0,1,0,0,0,0,0.0,9,0.1,1,0
gpt_5_5__reasoning_low,gpt_5_5__reasoning_low.jsonl,low,12,anytime_meals,Roasted Cauliflower Power Salad,0.23,0.12,0.11000000000000001,0.11000000000000001,91.66666666666669,True,13,1,0,0,0,1,0,0,0,0,18,1,0,0.0,0,0,0,0,2,0,1,0,0,0,0,0.0,18,0.0,1,0
gpt_5_5__reasoning_low,gpt_5_5__reasoning_low.jsonl,low,13,anytime_meals,Simple Greek Salad,0.15,0.12,0.03,0.03,25.0,True,12,1,0,0,0,1,0,0,0,0,16,1,0,0.0,0,0,0,0,2,0,1,0,0,0,0,0.0,16,0.0,1,0
gpt_5_5__reasoning_low,gpt_5_5__reasoning_low.jsonl,low,14,anytime_meals,Apple-Celery Chicken Salad,0.05,0.1,-0.05,0.05,50.0,True,13,1,0,0,0,1,0,0,0,0,11,4,0,0.0,0,0,0,0,2,0,1,0,0,0,0,0.0,11,0.0,0,1
gpt_5_5__reasoning_low,gpt_5_5__reasoning_low.jsonl,low,15,anytime_meals,Harvest Crunch Kale & Chicken Salad,0.21,0.19,0.01999999999999999,0.01999999999999999,10.52631578947368,True,14,1,0,0,0,1,0,0,0,0,15,2,0,0.0,0,0,0,0,2,0,1,0,0,0,0,0.0,15,0.0,1,0
gpt_5_5__reasoning_low,gpt_5_5__reasoning_low.jsonl,low,16,desserts,Citrus-Berry Ricotta Parfaits,0.095,0.1,-0.0050000000000000044,0.0050000000000000044,5.000000000000004,True,13,1,0,0,0,1,0,0,0,0,6,1,0,0.0,0,0,0,0,2,0,1,0,0,0,0,0.0,6,0.0,0,1
gpt_5_5__reasoning_low,gpt_5_5__reasoning_low.jsonl,low,17,desserts,Crispy Rice Cereal Treats,0.03,0.02,0.009999999999999998,0.009999999999999998,49.999999999999986,True,13,1,0,0,0,1,0,0,0,0,6,1,0,0.0,0,0,0,0,2,0,1,0,0,0,0,0.0,6,0.0,1,0
gpt_5_5__reasoning_low,gpt_5_5__reasoning_low.jsonl,low,18,desserts,Carob Chip Cranberry Cookies,0.048,0.03,0.018000000000000002,0.018000000000000002,60.00000000000001,True,13,1,0,0,0,1,0,0,0,0,12,1,0,0.0,0,0,0,0,2,0,1,0,0,0,0,0.0,12,0.0,1,0
gpt_5_5__reasoning_low,gpt_5_5__reasoning_low.jsonl,low,19,desserts,Pumpkin Cinnamon Bars,0.05,0.06,-0.009999999999999995,0.009999999999999995,16.66666666666666,True,12,1,0,0,0,1,0,0,0,0,12,2,0,0.0,0,0,0,0,2,0,1,0,0,0,0,0.0,12,0.0,0,1
gpt_5_5__reasoning_low,gpt_5_5__reasoning_low.jsonl,low,20,desserts,Carob Cupcakes with Cream Cheese Frosting,0.04,0.03,0.010000000000000002,0.010000000000000002,33.33333333333334,True,15,1,0,0,0,1,0,0,0,0,15,4,0,0.0,0,0,0,0,3,0,1,0,0,0,0,0.0,15,0.0,1,0
gpt_5_5__reasoning_low,gpt_5_5__reasoning_low.jsonl,low,21,snacks,Rice Cakes with Peanut Butter and Strawberries,0.2,0.16,0.04000000000000001,0.04000000000000001,25.000000000000007,True,16,1,0,0,0,1,0,0,0,0,3,3,0,0.0,0,0,0,0,2,0,1,0,0,0,0,0.0,3,0.0,1,0
gpt_5_5__reasoning_low,gpt_5_5__reasoning_low.jsonl,low,22,snacks,Avocado Toast with Feta,0.13,0.23,-0.1,0.1,43.47826086956522,True,13,1,0,0,0,1,0,0,0,0,3,3,0,0.0,0,0,0,0,2,0,1,0,0,0,0,0.0,3,0.0,0,1
gpt_5_5__reasoning_low,gpt_5_5__reasoning_low.jsonl,low,23,snacks,Trail Mix Snack,0.19,0.1,0.09,0.09,89.99999999999999,True,12,1,0,0,0,1,0,0,0,0,4,0,0,0.0,0,0,0,0,2,0,1,0,0,0,0,0.0,4,0.0,1,0
gpt_5_5__reasoning_low,gpt_5_5__reasoning_low.jsonl,low,24,snacks,Almond Butter Apple Snack,0.2,0.14,0.06,0.06,42.85714285714285,True,13,1,0,0,0,1,0,0,0,0,2,2,0,0.0,0,0,0,0,2,0,1,0,0,0,0,0.0,2,0.0,1,0
gpt_5_5__reasoning_low,gpt_5_5__reasoning_low.jsonl,low,25,snacks,Hummus with Bell Pepper,0.1,0.14,-0.04000000000000001,0.04000000000000001,28.571428571428577,True,13,1,0,0,0,1,0,0,0,0,2,2,0,0.0,0,0,0,0,2,0,1,0,0,0,0,0.0,2,0.0,0,1
gpt_5_5__reasoning_medium,gpt_5_5__reasoning_medium.jsonl,medium,0,breakfast,Scrambled Egg & Black Bean Burritos,0.16,0.15,0.010000000000000009,0.010000000000000009,6.666666666666673,True,14,1,0,0,0,1,0,0,0,0,11,1,0,0.0,0,0,0,0,2,0,1,0,0,0,0,0.0,11,0.0,1,0
gpt_5_5__reasoning_medium,gpt_5_5__reasoning_medium.jsonl,medium,1,breakfast,Cranberry Carrot Muffins,0.05,0.06,-0.009999999999999995,0.009999999999999995,16.66666666666666,True,12,1,0,0,0,1,0,0,0,0,15,1,0,0.0,0,0,0,0,2,0,1,0,0,0,0,0.0,15,0.0,0,1
gpt_5_5__reasoning_medium,gpt_5_5__reasoning_medium.jsonl,medium,2,breakfast,Blueberry Banana Pancakes,0.23,0.17,0.06,0.06,35.29411764705882,True,12,1,0,0,0,1,0,0,0,0,11,1,0,0.0,0,0,0,0,2,0,1,0,0,0,0,0.0,11,0.0,1,0
gpt_5_5__reasoning_medium,gpt_5_5__reasoning_medium.jsonl,medium,3,breakfast,"Cheesy Egg, Bacon & Broccoli Muffins",0.1,0.08,0.020000000000000004,0.020000000000000004,25.000000000000007,True,14,1,0,0,0,1,0,0,0,0,10,2,0,0.0,0,0,0,0,2,0,1,0,0,0,0,0.0,10,0.0,1,0
gpt_5_5__reasoning_medium,gpt_5_5__reasoning_medium.jsonl,medium,4,breakfast,Glorious Green Smoothie Bowl,0.21,0.17,0.03999999999999998,0.03999999999999998,23.52941176470587,True,13,1,0,0,0,1,0,0,0,0,6,0,0,0.0,0,0,0,0,2,0,1,0,0,0,0,0.0,6,0.0,1,0
gpt_5_5__reasoning_medium,gpt_5_5__reasoning_medium.jsonl,medium,5,anytime_meals,Sesame-Ginger Turkey Meatballs,0.12,0.04,0.07999999999999999,0.07999999999999999,199.99999999999994,True,13,1,0,0,0,1,0,0,0,0,14,3,0,0.0,0,0,0,0,2,0,1,0,0,0,0,0.0,14,0.0,1,0
gpt_5_5__reasoning_medium,gpt_5_5__reasoning_medium.jsonl,medium,6,anytime_meals,Chicken and Broccoli Piccata,0.12,0.13,-0.010000000000000009,0.010000000000000009,7.692307692307699,True,13,1,0,0,0,1,0,0,0,0,14,3,0,0.0,0,0,0,0,2,0,1,0,0,0,0,0.0,14,0.0,0,1
gpt_5_5__reasoning_medium,gpt_5_5__reasoning_medium.jsonl,medium,9,anytime_meals,Pork Tenderloin with Dijon Gravy,0.08,0.14,-0.06000000000000001,0.06000000000000001,42.85714285714286,True,14,1,0,0,0,1,0,0,0,0,10,2,0,0.0,0,0,0,0,2,0,1,0,0,0,0,0.0,10,0.0,0,1
gpt_5_5__reasoning_medium,gpt_5_5__reasoning_medium.jsonl,medium,10,anytime_meals,Fish Tacos with Crunchy Slaw,0.24,0.14,0.09999999999999998,0.09999999999999998,71.4285714285714,True,14,1,0,0,0,1,0,0,0,0,17,1,0,0.0,0,0,0,0,2,0,1,0,0,0,0,0.0,17,0.0,1,0
gpt_5_5__reasoning_medium,gpt_5_5__reasoning_medium.jsonl,medium,11,anytime_meals,Chicken Sausage Garden Pasta,0.3,0.04,0.26,0.26,650.0,True,13,1,0,0,0,1,0,0,0,0,10,3,1,10.0,0,0,0,0,2,0,1,0,0,0,0,0.0,9,0.1,1,0
gpt_5_5__reasoning_medium,gpt_5_5__reasoning_medium.jsonl,medium,13,anytime_meals,Simple Greek Salad,,0.12,,0.04000000000000001,33.33333333333334,True,6,1,0,0,0,0,0,0,0,0,16,1,0,0.0,0,0,0,0,1,0,0,0,0,0,0,0.0,16,0.0,0,0
gpt_5_5__reasoning_medium,gpt_5_5__reasoning_medium.jsonl,medium,14,anytime_meals,Apple-Celery Chicken Salad,0.06,0.1,-0.04000000000000001,0.04000000000000001,40.00000000000001,True,13,1,0,0,0,1,0,0,0,0,11,4,0,0.0,0,0,0,0,2,0,1,0,0,0,0,0.0,11,0.0,0,1
gpt_5_5__reasoning_medium,gpt_5_5__reasoning_medium.jsonl,medium,15,anytime_meals,Harvest Crunch Kale & Chicken Salad,0.21,0.19,0.01999999999999999,0.01999999999999999,10.52631578947368,True,14,1,0,0,0,1,0,0,0,0,15,2,0,0.0,0,0,0,0,2,0,1,0,0,0,0,0.0,15,0.0,1,0
gpt_5_5__reasoning_medium,gpt_5_5__reasoning_medium.jsonl,medium,16,desserts,Citrus-Berry Ricotta Parfaits,0.08,0.1,-0.020000000000000004,0.020000000000000004,20.000000000000004,True,13,1,0,0,0,1,0,0,0,0,6,1,0,0.0,0,0,0,0,2,0,1,0,0,0,0,0.0,6,0.0,0,1
gpt_5_5__reasoning_medium,gpt_5_5__reasoning_medium.jsonl,medium,18,desserts,Carob Chip Cranberry Cookies,0.05,0.03,0.020000000000000004,0.020000000000000004,66.66666666666669,True,13,1,0,0,0,1,0,0,0,0,12,1,0,0.0,0,0,0,0,2,0,1,0,0,0,0,0.0,12,0.0,1,0
gpt_5_5__reasoning_medium,gpt_5_5__reasoning_medium.jsonl,medium,19,desserts,Pumpkin Cinnamon Bars,0.04,0.06,-0.019999999999999997,0.019999999999999997,33.33333333333333,True,12,1,0,0,0,1,0,0,0,0,12,2,0,0.0,0,0,0,0,2,0,1,0,0,0,0,0.0,12,0.0,0,1
gpt_5_5__reasoning_medium,gpt_5_5__reasoning_medium.jsonl,medium,20,desserts,Carob Cupcakes with Cream Cheese Frosting,0.04,0.03,0.010000000000000002,0.010000000000000002,33.33333333333334,True,15,1,0,0,0,1,0,0,0,0,15,4,0,0.0,0,0,0,0,3,0,1,0,0,0,0,0.0,15,0.0,1,0
gpt_5_5__reasoning_medium,gpt_5_5__reasoning_medium.jsonl,medium,21,snacks,Rice Cakes with Peanut Butter and Strawberries,0.25,0.16,0.09,0.09,56.25,True,16,1,0,0,0,1,0,0,0,0,3,3,0,0.0,0,0,0,0,2,0,1,0,0,0,0,0.0,3,0.0,1,0
gpt_5_5__reasoning_medium,gpt_5_5__reasoning_medium.jsonl,medium,22,snacks,Avocado Toast with Feta,0.11,0.23,-0.12000000000000001,0.12000000000000001,52.17391304347826,True,13,1,0,0,0,1,0,0,0,0,3,3,0,0.0,0,0,0,0,2,0,1,0,0,0,0,0.0,3,0.0,0,1
gpt_5_5__reasoning_medium,gpt_5_5__reasoning_medium.jsonl,medium,23,snacks,Trail Mix Snack,0.21,0.1,0.10999999999999999,0.10999999999999999,109.99999999999999,True,12,1,0,0,0,1,0,0,0,0,4,0,0,0.0,0,0,0,0,2,0,1,0,0,0,0,0.0,4,0.0,1,0
gpt_5_5__reasoning_medium,gpt_5_5__reasoning_medium.jsonl,medium,24,snacks,Almond Butter Apple Snack,0.2,0.14,0.06,0.06,42.85714285714285,True,13,1,0,0,0,1,0,0,0,0,2,2,0,0.0,0,0,0,0,2,0,1,0,0,0,0,0.0,2,0.0,1,0
gpt_5_5__reasoning_medium,gpt_5_5__reasoning_medium.jsonl,medium,25,snacks,Hummus with Bell Pepper,0.22,0.14,0.07999999999999999,0.07999999999999999,57.14285714285713,True,13,1,0,0,0,1,0,0,0,0,2,2,0,0.0,0,0,0,0,2,0,1,0,0,0,0,0.0,2,0.0,1,0
gpt_5_5__reasoning_medium,gpt_5_5__reasoning_medium.jsonl,medium,7,anytime_meals,Chicken Fajitas with Lime Sauce,0.19,0.12,0.07,0.07,58.333333333333336,True,14,1,0,0,0,1,0,0,0,0,18,4,0,0.0,0,0,0,0,2,0,1,0,0,0,0,0.0,18,0.0,1,0
gpt_5_5__reasoning_medium,gpt_5_5__reasoning_medium.jsonl,medium,8,anytime_meals,One-Pot Beef & Mushroom Lasagna,0.47,0.09,0.38,0.38,422.22222222222223,True,14,1,0,0,0,1,0,0,0,0,13,2,0,0.0,0,0,0,0,2,0,1,0,0,0,0,0.0,13,0.0,1,0
gpt_5_5__reasoning_medium,gpt_5_5__reasoning_medium.jsonl,medium,12,anytime_meals,Roasted Cauliflower Power Salad,0.24,0.12,0.12,0.12,100.0,True,13,1,0,0,0,1,0,0,0,0,18,1,0,0.0,0,0,0,0,2,0,1,0,0,0,0,0.0,18,0.0,1,0
gpt_5_5__reasoning_medium,gpt_5_5__reasoning_medium.jsonl,medium,17,desserts,Crispy Rice Cereal Treats,0.04,0.02,0.02,0.02,100.0,True,13,1,0,0,0,1,0,0,0,0,6,1,0,0.0,0,0,0,0,2,0,1,0,0,0,0,0.0,6,0.0,1,0
gpt_5_5__reasoning_medium,gpt_5_5__reasoning_medium.jsonl,medium,13,anytime_meals,Simple Greek Salad,0.16,0.12,0.04000000000000001,0.04000000000000001,33.33333333333334,True,12,1,0,0,0,1,0,0,0,0,16,1,0,0.0,0,0,0,0,2,0,1,0,0,0,0,0.0,16,0.0,1,0
